f_sequence,r_sequence,f_gene,r_gene,f_author_gene_list,r_author_gene_list,f_evalue,r_evalue,f_Occurrence_Count,r_Occurrence_Count,f_pmcid_list,r_pmcid_list,f_Tm_C,r_Tm_C,f_GC_pct,r_GC_pct,f_total_citations,r_total_citations,f_pmcid_count,r_pmcid_count,f_match_start,r_match_start,f_match_end,r_match_end,f_orientation,r_orientation,f_self_comp,r_self_comp,pair_comp,f_reg_pmcid_list,f_inv_pmcid_list,r_reg_pmcid_list,r_inv_pmcid_list,pair_shared_pmcid_count,f_reg_pmcid_count,r_reg_pmcid_count,f_inv_pmcid_count,r_inv_pmcid_count,pair_shared_pmcid_list,f_cross_specificity_0,r_cross_specificity_0,f_cross_specificity_0_seq,r_cross_specificity_0_seq,f_cross_specificity_1,r_cross_specificity_1,f_cross_specificity_1_seq,r_cross_specificity_1_seq,f_cross_specificity_2,r_cross_specificity_2,f_cross_specificity_2_seq,r_cross_specificity_2_seq,f_cross_specificity_3,r_cross_specificity_3,f_cross_specificity_3_seq,r_cross_specificity_3_seq,f_cross_specificity_4,r_cross_specificity_4,f_cross_specificity_4_seq,r_cross_specificity_4_seq,evidence_score,biophysics_score,synergy_score,pickr_score
AGTGGAAGATGTCCGGCTCATC,CTCCCCCTTGTATCGCTCTATAA,MAP1LC3B,MAP1LC3B,"LC3 (3), GenBank (2), 20 (1), Accession (1), Gene (1), LC3B (1), Lc3 (1), Lc3b (1), Map1lc3b (1), TATA-binding (1)","LC3 (7), Map1lc3b (5), LC3B (4), Lc3b (4), LC3b (2), 124-186 (1), 52. (1), EVI-1 (1), LC (1), LC-3 (1), LC-3II (1), LC3-F (1), LC3-II (1), LC3-II-mF (1), LC3BF (1), LC3II (1), Lc3II (1), Lc3b-F (1), MAP1LC3B (1), Map (1), Maplic3b-F (1), Opa1 (1), Sequence (1), Sequence-Based (1), lc3 (1), mouse (1)",1.3,5.2,18,47,"PMC10567954, PMC10907497, PMC10991266, PMC11589977, PMC11742184, PMC12089232, PMC3239374, PMC3835737, PMC4558518, PMC5614680, PMC5655117, PMC5791971, PMC6844315, PMC8140921, PMC8365606, PMC8962562, PMC9320075, PMC9923816","PMC10024876, PMC10067482, PMC10143835, PMC10500287, PMC10804105, PMC10876439, PMC10897192, PMC10925010, PMC11287178, PMC11430456, PMC11600949, PMC11655067, PMC11771862, PMC11806084, PMC11822660, PMC12058529, PMC3177901, PMC4197862, PMC4527189, PMC5363527, PMC5514637, PMC5628276, PMC5680584, PMC5692577, PMC5706581, PMC5833430, PMC5969319, PMC6172392, PMC6186781, PMC6276616, PMC6390023, PMC6929000, PMC7303297, PMC7787754, PMC7841444, PMC7861947, PMC7888534, PMC8095085, PMC8216663, PMC8460839, PMC8973582, PMC9173918, PMC9208164, PMC9481362, PMC9896737",62.79,59.59,54.5,47.8,220,982,18,45,135.0,188.0,156.0,210.0,forward,reverse_complement,4,4,3,,"PMC10567954,PMC10907497,PMC10991266,PMC11589977,PMC11742184,PMC12089232,PMC3239374,PMC3835737,PMC4558518,PMC5614680,PMC5655117,PMC5791971,PMC6844315,PMC8140921,PMC8365606,PMC8962562,PMC9320075,PMC9923816",,"PMC10024876,PMC10067482,PMC10143835,PMC10500287,PMC10804105,PMC10876439,PMC10897192,PMC10925010,PMC11287178,PMC11430456,PMC11600949,PMC11655067,PMC11771862,PMC11806084,PMC11822660,PMC12058529,PMC3177901,PMC4197862,PMC4527189,PMC5363527,PMC5514637,PMC5628276,PMC5680584,PMC5692577,PMC5706581,PMC5833430,PMC5969319,PMC6172392,PMC6186781,PMC6276616,PMC6390023,PMC6929000,PMC7303297,PMC7787754,PMC7841444,PMC7861947,PMC7888534,PMC8095085,PMC8216663,PMC8460839,PMC8973582,PMC9173918,PMC9208164,PMC9481362,PMC9896737",0,0,0,18,45,,,,,,,,,,,,,,,,,,,,,,0.2723785400555441,0.8222222222222224,0.0,38.28559366944388
AGTGGAAGATGTCCGGCTCATC,CCATTCACCAGGAGGAAGAA,MAP1LC3B,MAP1LC3B,"LC3 (3), GenBank (2), 20 (1), Accession (1), Gene (1), LC3B (1), Lc3 (1), Lc3b (1), Map1lc3b (1), TATA-binding (1)","LC3 (6), LC3B (2), Autophagy-related (1), LC3B-anti-sense (1), Lc3b (1), Map1lc3b (1), NM_022867.2 (1), mLC3 (1), mLc3 (1), mLc3b (1)",1.3,0.056,18,19,"PMC10567954, PMC10907497, PMC10991266, PMC11589977, PMC11742184, PMC12089232, PMC3239374, PMC3835737, PMC4558518, PMC5614680, PMC5655117, PMC5791971, PMC6844315, PMC8140921, PMC8365606, PMC8962562, PMC9320075, PMC9923816","PMC10092998, PMC11593522, PMC11937029, PMC11948944, PMC12023983, PMC3589785, PMC4410313, PMC4672298, PMC4830612, PMC5007678, PMC5247706, PMC6526833, PMC6561379, PMC7331036, PMC7584057, PMC7745617, PMC7994637, PMC8899170",62.79,57.48,54.5,50.0,220,201,18,18,135.0,322.0,156.0,341.0,forward,reverse_complement,4,3,3,,"PMC10567954,PMC10907497,PMC10991266,PMC11589977,PMC11742184,PMC12089232,PMC3239374,PMC3835737,PMC4558518,PMC5614680,PMC5655117,PMC5791971,PMC6844315,PMC8140921,PMC8365606,PMC8962562,PMC9320075,PMC9923816","PMC11937029,PMC6561379,PMC7331036,PMC8899170","PMC10092998,PMC11593522,PMC11948944,PMC12023983,PMC3589785,PMC4410313,PMC4672298,PMC4830612,PMC5007678,PMC5247706,PMC6526833,PMC7584057,PMC7745617,PMC7994637",0,0,4,18,14,,,,,,,SLC4A10,,......T.............,,,,,,,,,,,,,0.3240033313159945,0.0705,0.0,18.315166565799725
AGTGGAAGATGTCCGGCTCATC,ACTTCGGAGATGGGAGTGGA,MAP1LC3B,MAP1LC3B,"LC3 (3), GenBank (2), 20 (1), Accession (1), Gene (1), LC3B (1), Lc3 (1), Lc3b (1), Map1lc3b (1), TATA-binding (1)","LC3B (4), LC3 (2), LC3-II (1), Lc3b-Fw (1), Map1lc3b (1), Related (1)",1.3,3.5,18,16,"PMC10567954, PMC10907497, PMC10991266, PMC11589977, PMC11742184, PMC12089232, PMC3239374, PMC3835737, PMC4558518, PMC5614680, PMC5655117, PMC5791971, PMC6844315, PMC8140921, PMC8365606, PMC8962562, PMC9320075, PMC9923816","PMC10186856, PMC11372845, PMC11492116, PMC3467208, PMC4056358, PMC4420774, PMC5475394, PMC5494548, PMC6713420, PMC7365531, PMC8233147, PMC8686076, PMC8869866, PMC9122381, PMC9409018, PMC9454743",62.79,60.63,54.5,55.0,220,217,18,16,135.0,361.0,156.0,380.0,forward,reverse_complement,4,3,4,,"PMC10567954,PMC10907497,PMC10991266,PMC11589977,PMC11742184,PMC12089232,PMC3239374,PMC3835737,PMC4558518,PMC5614680,PMC5655117,PMC5791971,PMC6844315,PMC8140921,PMC8365606,PMC8962562,PMC9320075,PMC9923816","PMC10186856,PMC11372845,PMC11492116,PMC3467208,PMC4056358,PMC4420774,PMC5475394,PMC5494548,PMC7365531,PMC8233147,PMC8686076,PMC9122381","PMC6713420,PMC8869866,PMC9409018,PMC9454743",0,0,12,18,4,,,,,,,,,,,,,,,,,,,,,,0.3712902386767194,0.8099999999999998,0.28000000000000114,48.464511933835986
AGTGGAAGATGTCCGGCTCATC,GGAACTTGGTCTTGTCCAGGAC,MAP1LC3B,MAP1LC3B,"LC3 (3), GenBank (2), 20 (1), Accession (1), Gene (1), LC3B (1), Lc3 (1), Lc3b (1), Map1lc3b (1), TATA-binding (1)","Lc3b (3), LC3 (2), MAP1LC3B (2), Map1lc3b (2), LC3-II (1), LC3B (1), LC3b (1), Mouse-LC3 (1), m-LC3B-F (1), mmu-LC3b (1)",1.3,0.005,18,15,"PMC10567954, PMC10907497, PMC10991266, PMC11589977, PMC11742184, PMC12089232, PMC3239374, PMC3835737, PMC4558518, PMC5614680, PMC5655117, PMC5791971, PMC6844315, PMC8140921, PMC8365606, PMC8962562, PMC9320075, PMC9923816","PMC10496234, PMC10557066, PMC10713401, PMC10892706, PMC10941580, PMC11436898, PMC11437326, PMC11874185, PMC11954813, PMC11981772, PMC11983871, PMC6396375, PMC8520723, PMC9159907, PMC9298657",62.79,61.47,54.5,54.5,220,66,18,15,135.0,223.0,156.0,244.0,forward,reverse_complement,4,4,4,,"PMC10567954,PMC10907497,PMC10991266,PMC11589977,PMC11742184,PMC12089232,PMC3239374,PMC3835737,PMC4558518,PMC5614680,PMC5655117,PMC5791971,PMC6844315,PMC8140921,PMC8365606,PMC8962562,PMC9320075,PMC9923816",,"PMC10496234,PMC10557066,PMC10713401,PMC10892706,PMC10941580,PMC11436898,PMC11437326,PMC11874185,PMC11954813,PMC11981772,PMC11983871,PMC6396375,PMC8520723,PMC9159907,PMC9298657",0,0,0,18,15,,,,,,,,,,,,,,,,,,,,,,0.22990952010006466,0.7633333333333334,0.5599999999999998,45.595476005003235
AGTGGAAGATGTCCGGCTCATC,CCATTCACCAGGAGGAAGAAGG,MAP1LC3B,MAP1LC3B,"LC3 (3), GenBank (2), 20 (1), Accession (1), Gene (1), LC3B (1), Lc3 (1), Lc3b (1), Map1lc3b (1), TATA-binding (1)","MAP1LC3B (2), ATG3 (1), Gene (1), LC3 (1), LC3-II (1), Map1lc3b (1), Mouse-LC3 (1), m-LC3B-R (1), mmu-LC3b (1)",1.3,0.084,18,14,"PMC10567954, PMC10907497, PMC10991266, PMC11589977, PMC11742184, PMC12089232, PMC3239374, PMC3835737, PMC4558518, PMC5614680, PMC5655117, PMC5791971, PMC6844315, PMC8140921, PMC8365606, PMC8962562, PMC9320075, PMC9923816","PMC10496234, PMC10557066, PMC10713401, PMC10941580, PMC11436898, PMC11437326, PMC11874185, PMC11954813, PMC11981772, PMC11983871, PMC6396375, PMC8520723, PMC9159907, PMC9298657",62.79,61.03,54.5,54.5,220,64,18,14,135.0,320.0,156.0,341.0,forward,reverse_complement,4,3,3,,"PMC10567954,PMC10907497,PMC10991266,PMC11589977,PMC11742184,PMC12089232,PMC3239374,PMC3835737,PMC4558518,PMC5614680,PMC5655117,PMC5791971,PMC6844315,PMC8140921,PMC8365606,PMC8962562,PMC9320075,PMC9923816","PMC10496234,PMC10557066,PMC10713401,PMC10941580,PMC11436898,PMC11437326,PMC11874185,PMC11954813,PMC11981772,PMC11983871,PMC6396375,PMC8520723,PMC9159907,PMC9298657",,0,0,14,18,0,,,,,,,,,,,,,,,,,,,,,,0.37400855854098447,0.7877777777777777,0.413333333333334,50.60042792704923
AGTGGAAGATGTCCGGCTCATC,CCAGGAGGAAGAAGGCTTGG,MAP1LC3B,MAP1LC3B,"LC3 (3), GenBank (2), 20 (1), Accession (1), Gene (1), LC3B (1), Lc3 (1), Lc3b (1), Map1lc3b (1), TATA-binding (1)","LC3 (4), CTC-3 (1), LC3II (1), LC3b (1), MAP1LC3B (1), Map1lc3b (1)",1.3,0.22,18,11,"PMC10567954, PMC10907497, PMC10991266, PMC11589977, PMC11742184, PMC12089232, PMC3239374, PMC3835737, PMC4558518, PMC5614680, PMC5655117, PMC5791971, PMC6844315, PMC8140921, PMC8365606, PMC8962562, PMC9320075, PMC9923816","PMC11938607, PMC5247474, PMC5639395, PMC6248272, PMC6586845, PMC6617669, PMC8152413, PMC8308346, PMC8470434, PMC9220220, PMC9577180",62.79,60.7,54.5,60.0,220,318,18,11,135.0,315.0,156.0,334.0,forward,reverse_complement,4,3,3,,"PMC10567954,PMC10907497,PMC10991266,PMC11589977,PMC11742184,PMC12089232,PMC3239374,PMC3835737,PMC4558518,PMC5614680,PMC5655117,PMC5791971,PMC6844315,PMC8140921,PMC8365606,PMC8962562,PMC9320075,PMC9923816","PMC11938607,PMC5639395,PMC6248272,PMC6586845,PMC6617669,PMC8470434,PMC9220220,PMC9577180","PMC5247474,PMC8152413,PMC8308346",0,0,8,18,3,,,,,,,,,,,,,,,,,,,,,,0.33736356517919736,0.7644444444444443,0.30333333333333456,45.86817825895989
AGTGGAAGATGTCCGGCTCATC,GTTAGCATTGAGCTGCAAGCG,MAP1LC3B,MAP1LC3B,"LC3 (3), GenBank (2), 20 (1), Accession (1), Gene (1), LC3B (1), Lc3 (1), Lc3b (1), Map1lc3b (1), TATA-binding (1)","LC3 (3), LC3B (1), Lc3b (1), MAP1 (1), MAPLC3 (1), Map1lc3b (1)",1.3,1.1,18,8,"PMC10567954, PMC10907497, PMC10991266, PMC11589977, PMC11742184, PMC12089232, PMC3239374, PMC3835737, PMC4558518, PMC5614680, PMC5655117, PMC5791971, PMC6844315, PMC8140921, PMC8365606, PMC8962562, PMC9320075, PMC9923816","PMC11367457, PMC4346695, PMC5863351, PMC6608561, PMC6712653, PMC7287307, PMC9120058, PMC9780783",62.79,61.43,54.5,52.4,220,61,18,8,135.0,295.0,156.0,315.0,forward,reverse_complement,4,4,5,,"PMC10567954,PMC10907497,PMC10991266,PMC11589977,PMC11742184,PMC12089232,PMC3239374,PMC3835737,PMC4558518,PMC5614680,PMC5655117,PMC5791971,PMC6844315,PMC8140921,PMC8365606,PMC8962562,PMC9320075,PMC9923816",,"PMC11367457,PMC4346695,PMC5863351,PMC6608561,PMC6712653,PMC7287307,PMC9120058,PMC9780783",0,0,0,18,8,,,,,,,,,,,,,,,,,,,,,,0.20677132638359472,0.7655555555555555,0.5466666666666669,44.23856631917974
CCAAGCCTTCTTCCTCCTGG,ATTGCTGTCCCGAATGTCTC,MAP1LC3B,MAP1LC3B,"LC3 (4), CTC-3 (1), LC3II (1), LC3b (1), MAP1LC3B (1), Map1lc3b (1)","Map1lc3b (7), LC3b (4), LC3 (3), GACCAAGT-3 (1), GAPDH (1), MLP3B (1), Mapllc3b (1), Mouse (1), Mouse- (1), SQSTM1 (1)",0.22,14.0,11,27,"PMC11938607, PMC5247474, PMC5639395, PMC6248272, PMC6586845, PMC6617669, PMC8152413, PMC8308346, PMC8470434, PMC9220220, PMC9577180","PMC10154226, PMC10791753, PMC11350138, PMC11506285, PMC11547205, PMC11929195, PMC11948944, PMC4309855, PMC5007678, PMC5377410, PMC5884778, PMC6064777, PMC6113230, PMC6162787, PMC6197260, PMC6231358, PMC6551802, PMC6742653, PMC6822259, PMC6830914, PMC6993373, PMC8047443, PMC9035725, PMC9124392, PMC9686841",60.7,58.62,60.0,50.0,318,427,11,25,315.0,436.0,334.0,455.0,forward,reverse_complement,3,3,3,"PMC5247474,PMC8152413,PMC8308346","PMC11938607,PMC5639395,PMC6248272,PMC6586845,PMC6617669,PMC8470434,PMC9220220,PMC9577180","PMC10154226,PMC10791753,PMC11350138,PMC11547205,PMC11929195,PMC11948944,PMC4309855,PMC5007678,PMC5377410,PMC5884778,PMC6064777,PMC6113230,PMC6162787,PMC6197260,PMC6231358,PMC6551802,PMC6742653,PMC6822259,PMC6830914,PMC6993373,PMC8047443,PMC9035725,PMC9124392,PMC9686841",PMC11506285,0,3,24,8,1,,,,,,,,,,,,,,,,,,,,,,0.4804151137858068,0.8427777777777774,0.30666666666666487,55.437422355956954
CCAAGCCTTCTTCCTCCTGG,ACTTCGGAGATGGGAGTGGA,MAP1LC3B,MAP1LC3B,"LC3 (4), CTC-3 (1), LC3II (1), LC3b (1), MAP1LC3B (1), Map1lc3b (1)","LC3B (4), LC3 (2), LC3-II (1), Lc3b-Fw (1), Map1lc3b (1), Related (1)",0.22,3.5,11,16,"PMC11938607, PMC5247474, PMC5639395, PMC6248272, PMC6586845, PMC6617669, PMC8152413, PMC8308346, PMC8470434, PMC9220220, PMC9577180","PMC10186856, PMC11372845, PMC11492116, PMC3467208, PMC4056358, PMC4420774, PMC5475394, PMC5494548, PMC6713420, PMC7365531, PMC8233147, PMC8686076, PMC8869866, PMC9122381, PMC9409018, PMC9454743",60.7,60.63,60.0,55.0,318,217,11,16,315.0,361.0,334.0,380.0,forward,reverse_complement,3,3,4,"PMC5247474,PMC8152413,PMC8308346","PMC11938607,PMC5639395,PMC6248272,PMC6586845,PMC6617669,PMC8470434,PMC9220220,PMC9577180","PMC10186856,PMC11372845,PMC11492116,PMC3467208,PMC4056358,PMC4420774,PMC5475394,PMC5494548,PMC7365531,PMC8233147,PMC8686076,PMC9122381","PMC6713420,PMC8869866,PMC9409018,PMC9454743",0,3,12,8,4,,,,,,,,,,,,,,,,,,,,,,0.4279054478598461,0.8844444444444441,0.9766666666666666,67.46193905965896
CCGAGAAGACCTTCAAGCAG,CTCCCCCTTGTATCGCTCTATAA,MAP1LC3B,MAP1LC3B,"Atg8 (2), Map1lc3b (2), AGA (1), LC3B (1), NM_026160.4 (1)","LC3 (7), Map1lc3b (5), LC3B (4), Lc3b (4), LC3b (2), 124-186 (1), 52. (1), EVI-1 (1), LC (1), LC-3 (1), LC-3II (1), LC3-F (1), LC3-II (1), LC3-II-mF (1), LC3BF (1), LC3II (1), Lc3II (1), Lc3b-F (1), MAP1LC3B (1), Map (1), Maplic3b-F (1), Opa1 (1), Sequence (1), Sequence-Based (1), lc3 (1), mouse (1)",0.056,5.2,8,47,"PMC10793101, PMC2842444, PMC3972199, PMC4215528, PMC4275262, PMC5652795, PMC5765140, PMC8727897","PMC10024876, PMC10067482, PMC10143835, PMC10500287, PMC10804105, PMC10876439, PMC10897192, PMC10925010, PMC11287178, PMC11430456, PMC11600949, PMC11655067, PMC11771862, PMC11806084, PMC11822660, PMC12058529, PMC3177901, PMC4197862, PMC4527189, PMC5363527, PMC5514637, PMC5628276, PMC5680584, PMC5692577, PMC5706581, PMC5833430, PMC5969319, PMC6172392, PMC6186781, PMC6276616, PMC6390023, PMC6929000, PMC7303297, PMC7787754, PMC7841444, PMC7861947, PMC7888534, PMC8095085, PMC8216663, PMC8460839, PMC8973582, PMC9173918, PMC9208164, PMC9481362, PMC9896737",58.92,59.59,55.0,47.8,178,982,8,45,95.0,188.0,114.0,210.0,forward,reverse_complement,4,4,4,"PMC10793101,PMC2842444,PMC3972199,PMC4215528,PMC4275262,PMC5652795,PMC5765140,PMC8727897",,,"PMC10024876,PMC10067482,PMC10143835,PMC10500287,PMC10804105,PMC10876439,PMC10897192,PMC10925010,PMC11287178,PMC11430456,PMC11600949,PMC11655067,PMC11771862,PMC11806084,PMC11822660,PMC12058529,PMC3177901,PMC4197862,PMC4527189,PMC5363527,PMC5514637,PMC5628276,PMC5680584,PMC5692577,PMC5706581,PMC5833430,PMC5969319,PMC6172392,PMC6186781,PMC6276616,PMC6390023,PMC6929000,PMC7303297,PMC7787754,PMC7841444,PMC7861947,PMC7888534,PMC8095085,PMC8216663,PMC8460839,PMC8973582,PMC9173918,PMC9208164,PMC9481362,PMC9896737",0,8,0,0,45,,,,,,,,,,,,,,,,,,,,,,0.36135255270595956,0.9172222222222226,0.7766666666666661,61.11762763529798
CCGAGAAGACCTTCAAGCAG,CCATTCACCAGGAGGAAGAA,MAP1LC3B,MAP1LC3B,"Atg8 (2), Map1lc3b (2), AGA (1), LC3B (1), NM_026160.4 (1)","LC3 (6), LC3B (2), Autophagy-related (1), LC3B-anti-sense (1), Lc3b (1), Map1lc3b (1), NM_022867.2 (1), mLC3 (1), mLc3 (1), mLc3b (1)",0.056,0.056,8,19,"PMC10793101, PMC2842444, PMC3972199, PMC4215528, PMC4275262, PMC5652795, PMC5765140, PMC8727897","PMC10092998, PMC11593522, PMC11937029, PMC11948944, PMC12023983, PMC3589785, PMC4410313, PMC4672298, PMC4830612, PMC5007678, PMC5247706, PMC6526833, PMC6561379, PMC7331036, PMC7584057, PMC7745617, PMC7994637, PMC8899170",58.92,57.48,55.0,50.0,178,201,8,18,95.0,322.0,114.0,341.0,forward,reverse_complement,4,3,4,"PMC10793101,PMC2842444,PMC3972199,PMC4215528,PMC4275262,PMC5652795,PMC5765140,PMC8727897",,"PMC11937029,PMC6561379,PMC7331036,PMC8899170","PMC10092998,PMC11593522,PMC11948944,PMC12023983,PMC3589785,PMC4410313,PMC4672298,PMC4830612,PMC5007678,PMC5247706,PMC6526833,PMC7584057,PMC7745617,PMC7994637",0,8,4,0,14,,,,,,,SLC4A10,,......T.............,,,,,,,,,,,,,0.41297734396640995,0.08,0.5199999999999985,33.448867198320464
CCGAGAAGACCTTCAAGCAG,ACTTCGGAGATGGGAGTGGA,MAP1LC3B,MAP1LC3B,"Atg8 (2), Map1lc3b (2), AGA (1), LC3B (1), NM_026160.4 (1)","LC3B (4), LC3 (2), LC3-II (1), Lc3b-Fw (1), Map1lc3b (1), Related (1)",0.056,3.5,8,16,"PMC10793101, PMC2842444, PMC3972199, PMC4215528, PMC4275262, PMC5652795, PMC5765140, PMC8727897","PMC10186856, PMC11372845, PMC11492116, PMC3467208, PMC4056358, PMC4420774, PMC5475394, PMC5494548, PMC6713420, PMC7365531, PMC8233147, PMC8686076, PMC8869866, PMC9122381, PMC9409018, PMC9454743",58.92,60.63,55.0,55.0,178,217,8,16,95.0,361.0,114.0,380.0,forward,reverse_complement,4,3,4,"PMC10793101,PMC2842444,PMC3972199,PMC4215528,PMC4275262,PMC5652795,PMC5765140,PMC8727897",,"PMC10186856,PMC11372845,PMC11492116,PMC3467208,PMC4056358,PMC4420774,PMC5475394,PMC5494548,PMC7365531,PMC8233147,PMC8686076,PMC9122381","PMC6713420,PMC8869866,PMC9409018,PMC9454743",0,8,12,0,4,,,,,,,,,,,,,,,,,,,,,,0.4602642513271348,0.905,0.4299999999999997,58.763212566356735
CCGAGAAGACCTTCAAGCAG,GGAACTTGGTCTTGTCCAGGAC,MAP1LC3B,MAP1LC3B,"Atg8 (2), Map1lc3b (2), AGA (1), LC3B (1), NM_026160.4 (1)","Lc3b (3), LC3 (2), MAP1LC3B (2), Map1lc3b (2), LC3-II (1), LC3B (1), LC3b (1), Mouse-LC3 (1), m-LC3B-F (1), mmu-LC3b (1)",0.056,0.005,8,15,"PMC10793101, PMC2842444, PMC3972199, PMC4215528, PMC4275262, PMC5652795, PMC5765140, PMC8727897","PMC10496234, PMC10557066, PMC10713401, PMC10892706, PMC10941580, PMC11436898, PMC11437326, PMC11874185, PMC11954813, PMC11981772, PMC11983871, PMC6396375, PMC8520723, PMC9159907, PMC9298657",58.92,61.47,55.0,54.5,178,66,8,15,95.0,223.0,114.0,244.0,forward,reverse_complement,4,4,6,"PMC10793101,PMC2842444,PMC3972199,PMC4215528,PMC4275262,PMC5652795,PMC5765140,PMC8727897",,,"PMC10496234,PMC10557066,PMC10713401,PMC10892706,PMC10941580,PMC11436898,PMC11437326,PMC11874185,PMC11954813,PMC11981772,PMC11983871,PMC6396375,PMC8520723,PMC9159907,PMC9298657",0,8,0,0,15,,,,,,,,,,,,,,,,,,,,,,0.0,0.0,0.0,0.0
CCGAGAAGACCTTCAAGCAG,CCATTCACCAGGAGGAAGAAGG,MAP1LC3B,MAP1LC3B,"Atg8 (2), Map1lc3b (2), AGA (1), LC3B (1), NM_026160.4 (1)","MAP1LC3B (2), ATG3 (1), Gene (1), LC3 (1), LC3-II (1), Map1lc3b (1), Mouse-LC3 (1), m-LC3B-R (1), mmu-LC3b (1)",0.056,0.084,8,14,"PMC10793101, PMC2842444, PMC3972199, PMC4215528, PMC4275262, PMC5652795, PMC5765140, PMC8727897","PMC10496234, PMC10557066, PMC10713401, PMC10941580, PMC11436898, PMC11437326, PMC11874185, PMC11954813, PMC11981772, PMC11983871, PMC6396375, PMC8520723, PMC9159907, PMC9298657",58.92,61.03,55.0,54.5,178,64,8,14,95.0,320.0,114.0,341.0,forward,reverse_complement,4,3,5,"PMC10793101,PMC2842444,PMC3972199,PMC4215528,PMC4275262,PMC5652795,PMC5765140,PMC8727897",,"PMC10496234,PMC10557066,PMC10713401,PMC10941580,PMC11436898,PMC11437326,PMC11874185,PMC11954813,PMC11981772,PMC11983871,PMC6396375,PMC8520723,PMC9159907,PMC9298657",,0,8,14,0,0,,,,,,,,,,,,,,,,,,,,,,0.46298257119139985,0.8827777777777779,0.29666666666666686,55.565795226236666
CCGAGAAGACCTTCAAGCAG,GATGAGCCGGACATCTTCCACT,MAP1LC3B,MAP1LC3B,"Atg8 (2), Map1lc3b (2), AGA (1), LC3B (1), NM_026160.4 (1)","LC3 (3), GenBank (2), 20 (1), Accession (1), Gene (1), LC3B (1), Lc3 (1), Lc3b (1), Map1lc3b (1), TATA-binding (1)",0.056,1.3,8,18,"PMC10793101, PMC2842444, PMC3972199, PMC4215528, PMC4275262, PMC5652795, PMC5765140, PMC8727897","PMC10567954, PMC10907497, PMC10991266, PMC11589977, PMC11742184, PMC12089232, PMC3239374, PMC3835737, PMC4558518, PMC5614680, PMC5655117, PMC5791971, PMC6844315, PMC8140921, PMC8365606, PMC8962562, PMC9320075, PMC9923816",58.92,62.79,55.0,54.5,178,220,8,18,95.0,135.0,114.0,156.0,forward,reverse_complement,4,4,5,"PMC10793101,PMC2842444,PMC3972199,PMC4215528,PMC4275262,PMC5652795,PMC5765140,PMC8727897",,"PMC10567954,PMC10907497,PMC10991266,PMC11589977,PMC11742184,PMC12089232,PMC3239374,PMC3835737,PMC4558518,PMC5614680,PMC5655117,PMC5791971,PMC6844315,PMC8140921,PMC8365606,PMC8962562,PMC9320075,PMC9923816",,0,8,18,0,0,,,,,,,,,,,,,,,,,,,,,,0.4852940398067852,0.7850000000000001,0.0,47.814701990339266
CCGAGAAGACCTTCAAGCAG,CCAGGAGGAAGAAGGCTTGG,MAP1LC3B,MAP1LC3B,"Atg8 (2), Map1lc3b (2), AGA (1), LC3B (1), NM_026160.4 (1)","LC3 (4), CTC-3 (1), LC3II (1), LC3b (1), MAP1LC3B (1), Map1lc3b (1)",0.056,0.22,8,11,"PMC10793101, PMC2842444, PMC3972199, PMC4215528, PMC4275262, PMC5652795, PMC5765140, PMC8727897","PMC11938607, PMC5247474, PMC5639395, PMC6248272, PMC6586845, PMC6617669, PMC8152413, PMC8308346, PMC8470434, PMC9220220, PMC9577180",58.92,60.7,55.0,60.0,178,318,8,11,95.0,315.0,114.0,334.0,forward,reverse_complement,4,3,5,"PMC10793101,PMC2842444,PMC3972199,PMC4215528,PMC4275262,PMC5652795,PMC5765140,PMC8727897",,"PMC11938607,PMC5639395,PMC6248272,PMC6586845,PMC6617669,PMC8470434,PMC9220220,PMC9577180","PMC5247474,PMC8152413,PMC8308346",0,8,8,0,3,,,,,,,,,,,,,,,,,,,,,,0.4263375778296128,0.8594444444444445,0.4066666666666663,55.2335455581473
CCGAGAAGACCTTCAAGCAG,GTTAGCATTGAGCTGCAAGCG,MAP1LC3B,MAP1LC3B,"Atg8 (2), Map1lc3b (2), AGA (1), LC3B (1), NM_026160.4 (1)","LC3 (3), LC3B (1), Lc3b (1), MAP1 (1), MAPLC3 (1), Map1lc3b (1)",0.056,1.1,8,8,"PMC10793101, PMC2842444, PMC3972199, PMC4215528, PMC4275262, PMC5652795, PMC5765140, PMC8727897","PMC11367457, PMC4346695, PMC5863351, PMC6608561, PMC6712653, PMC7287307, PMC9120058, PMC9780783",58.92,61.43,55.0,52.4,178,61,8,8,95.0,295.0,114.0,315.0,forward,reverse_complement,4,4,4,"PMC10793101,PMC2842444,PMC3972199,PMC4215528,PMC4275262,PMC5652795,PMC5765140,PMC8727897",,,"PMC11367457,PMC4346695,PMC5863351,PMC6608561,PMC6712653,PMC7287307,PMC9120058,PMC9780783",0,8,0,0,8,,,,,,,,,,,,,,,,,,,,,,0.2957453390340101,0.8605555555555557,0.163333333333334,43.87060028503386
CGCTTGCAGCTCAATGCTAAC,ATTGCTGTCCCGAATGTCTC,MAP1LC3B,MAP1LC3B,"LC3 (3), LC3B (1), Lc3b (1), MAP1 (1), MAPLC3 (1), Map1lc3b (1)","Map1lc3b (7), LC3b (4), LC3 (3), GACCAAGT-3 (1), GAPDH (1), MLP3B (1), Mapllc3b (1), Mouse (1), Mouse- (1), SQSTM1 (1)",1.1,14.0,8,27,"PMC11367457, PMC4346695, PMC5863351, PMC6608561, PMC6712653, PMC7287307, PMC9120058, PMC9780783","PMC10154226, PMC10791753, PMC11350138, PMC11506285, PMC11547205, PMC11929195, PMC11948944, PMC4309855, PMC5007678, PMC5377410, PMC5884778, PMC6064777, PMC6113230, PMC6162787, PMC6197260, PMC6231358, PMC6551802, PMC6742653, PMC6822259, PMC6830914, PMC6993373, PMC8047443, PMC9035725, PMC9124392, PMC9686841",61.43,58.62,52.4,50.0,61,427,8,25,295.0,436.0,315.0,455.0,forward,reverse_complement,4,3,4,"PMC11367457,PMC4346695,PMC5863351,PMC6608561,PMC6712653,PMC7287307,PMC9120058,PMC9780783",,"PMC10154226,PMC10791753,PMC11350138,PMC11547205,PMC11929195,PMC11948944,PMC4309855,PMC5007678,PMC5377410,PMC5884778,PMC6064777,PMC6113230,PMC6162787,PMC6197260,PMC6231358,PMC6551802,PMC6742653,PMC6822259,PMC6830914,PMC6993373,PMC8047443,PMC9035725,PMC9124392,PMC9686841",PMC11506285,0,8,24,0,1,,,,,,,,,,,,,,,,,,,,,,0.5127739172530955,0.8438888888888887,0.06333333333333258,52.222029195988085
CGCTTGCAGCTCAATGCTAAC,CCATTCACCAGGAGGAAGAA,MAP1LC3B,MAP1LC3B,"LC3 (3), LC3B (1), Lc3b (1), MAP1 (1), MAPLC3 (1), Map1lc3b (1)","LC3 (6), LC3B (2), Autophagy-related (1), LC3B-anti-sense (1), Lc3b (1), Map1lc3b (1), NM_022867.2 (1), mLC3 (1), mLc3 (1), mLc3b (1)",1.1,0.056,8,19,"PMC11367457, PMC4346695, PMC5863351, PMC6608561, PMC6712653, PMC7287307, PMC9120058, PMC9780783","PMC10092998, PMC11593522, PMC11937029, PMC11948944, PMC12023983, PMC3589785, PMC4410313, PMC4672298, PMC4830612, PMC5007678, PMC5247706, PMC6526833, PMC6561379, PMC7331036, PMC7584057, PMC7745617, PMC7994637, PMC8899170",61.43,57.48,52.4,50.0,61,201,8,18,295.0,322.0,315.0,341.0,forward,reverse_complement,4,3,4,"PMC11367457,PMC4346695,PMC5863351,PMC6608561,PMC6712653,PMC7287307,PMC9120058,PMC9780783",,"PMC11937029,PMC6561379,PMC7331036,PMC8899170","PMC10092998,PMC11593522,PMC11948944,PMC12023983,PMC3589785,PMC4410313,PMC4672298,PMC4830612,PMC5007678,PMC5247706,PMC6526833,PMC7584057,PMC7745617,PMC7994637",0,8,4,0,14,,,,,,,SLC4A10,,......T.............,,,,,,,,,,,,,0.41297734396640995,0.07805555555555554,0.0,22.990533864987164
CGCTTGCAGCTCAATGCTAAC,ACTTCGGAGATGGGAGTGGA,MAP1LC3B,MAP1LC3B,"LC3 (3), LC3B (1), Lc3b (1), MAP1 (1), MAPLC3 (1), Map1lc3b (1)","LC3B (4), LC3 (2), LC3-II (1), Lc3b-Fw (1), Map1lc3b (1), Related (1)",1.1,3.5,8,16,"PMC11367457, PMC4346695, PMC5863351, PMC6608561, PMC6712653, PMC7287307, PMC9120058, PMC9780783","PMC10186856, PMC11372845, PMC11492116, PMC3467208, PMC4056358, PMC4420774, PMC5475394, PMC5494548, PMC6713420, PMC7365531, PMC8233147, PMC8686076, PMC8869866, PMC9122381, PMC9409018, PMC9454743",61.43,60.63,52.4,55.0,61,217,8,16,295.0,361.0,315.0,380.0,forward,reverse_complement,4,3,3,"PMC11367457,PMC4346695,PMC5863351,PMC6608561,PMC6712653,PMC7287307,PMC9120058,PMC9780783",,"PMC10186856,PMC11372845,PMC11492116,PMC3467208,PMC4056358,PMC4420774,PMC5475394,PMC5494548,PMC7365531,PMC8233147,PMC8686076,PMC9122381","PMC6713420,PMC8869866,PMC9409018,PMC9454743",0,8,12,0,4,,,,,,,,,,,,,,,,,,,,,,0.4602642513271348,0.8855555555555554,0.7333333333333343,64.24654589969009
CGCTTGCAGCTCAATGCTAAC,CCATTCACCAGGAGGAAGAAGG,MAP1LC3B,MAP1LC3B,"LC3 (3), LC3B (1), Lc3b (1), MAP1 (1), MAPLC3 (1), Map1lc3b (1)","MAP1LC3B (2), ATG3 (1), Gene (1), LC3 (1), LC3-II (1), Map1lc3b (1), Mouse-LC3 (1), m-LC3B-R (1), mmu-LC3b (1)",1.1,0.084,8,14,"PMC11367457, PMC4346695, PMC5863351, PMC6608561, PMC6712653, PMC7287307, PMC9120058, PMC9780783","PMC10496234, PMC10557066, PMC10713401, PMC10941580, PMC11436898, PMC11437326, PMC11874185, PMC11954813, PMC11981772, PMC11983871, PMC6396375, PMC8520723, PMC9159907, PMC9298657",61.43,61.03,52.4,54.5,61,64,8,14,295.0,320.0,315.0,341.0,forward,reverse_complement,4,3,4,"PMC11367457,PMC4346695,PMC5863351,PMC6608561,PMC6712653,PMC7287307,PMC9120058,PMC9780783",,"PMC10496234,PMC10557066,PMC10713401,PMC10941580,PMC11436898,PMC11437326,PMC11874185,PMC11954813,PMC11981772,PMC11983871,PMC6396375,PMC8520723,PMC9159907,PMC9298657",,0,8,14,0,0,,,,,,,,,,,,,,,,,,,,,,0.46298257119139985,0.8633333333333333,0.8666666666666671,66.38246189290334
CGCTTGCAGCTCAATGCTAAC,CCAGGAGGAAGAAGGCTTGG,MAP1LC3B,MAP1LC3B,"LC3 (3), LC3B (1), Lc3b (1), MAP1 (1), MAPLC3 (1), Map1lc3b (1)","LC3 (4), CTC-3 (1), LC3II (1), LC3b (1), MAP1LC3B (1), Map1lc3b (1)",1.1,0.22,8,11,"PMC11367457, PMC4346695, PMC5863351, PMC6608561, PMC6712653, PMC7287307, PMC9120058, PMC9780783","PMC11938607, PMC5247474, PMC5639395, PMC6248272, PMC6586845, PMC6617669, PMC8152413, PMC8308346, PMC8470434, PMC9220220, PMC9577180",61.43,60.7,52.4,60.0,61,318,8,11,295.0,315.0,315.0,334.0,forward,reverse_complement,4,3,3,"PMC11367457,PMC4346695,PMC5863351,PMC6608561,PMC6712653,PMC7287307,PMC9120058,PMC9780783",,"PMC11938607,PMC5639395,PMC6248272,PMC6586845,PMC6617669,PMC8470434,PMC9220220,PMC9577180","PMC5247474,PMC8152413,PMC8308346",0,8,8,0,3,,,,,,,,,,,,,,,,,,,,,,0.4263375778296128,0.8399999999999999,0.7566666666666677,61.65021222481399
TTATAGAGCGATACAAGGGGGAG,ATTGCTGTCCCGAATGTCTC,MAP1LC3B,MAP1LC3B,"LC3 (7), Map1lc3b (5), LC3B (4), Lc3b (4), LC3b (2), 124-186 (1), 52. (1), EVI-1 (1), LC (1), LC-3 (1), LC-3II (1), LC3-F (1), LC3-II (1), LC3-II-mF (1), LC3BF (1), LC3II (1), Lc3II (1), Lc3b-F (1), MAP1LC3B (1), Map (1), Maplic3b-F (1), Opa1 (1), Sequence (1), Sequence-Based (1), lc3 (1), mouse (1)","Map1lc3b (7), LC3b (4), LC3 (3), GACCAAGT-3 (1), GAPDH (1), MLP3B (1), Mapllc3b (1), Mouse (1), Mouse- (1), SQSTM1 (1)",5.2,14.0,47,27,"PMC10024876, PMC10067482, PMC10143835, PMC10500287, PMC10804105, PMC10876439, PMC10897192, PMC10925010, PMC11287178, PMC11430456, PMC11600949, PMC11655067, PMC11771862, PMC11806084, PMC11822660, PMC12058529, PMC3177901, PMC4197862, PMC4527189, PMC5363527, PMC5514637, PMC5628276, PMC5680584, PMC5692577, PMC5706581, PMC5833430, PMC5969319, PMC6172392, PMC6186781, PMC6276616, PMC6390023, PMC6929000, PMC7303297, PMC7787754, PMC7841444, PMC7861947, PMC7888534, PMC8095085, PMC8216663, PMC8460839, PMC8973582, PMC9173918, PMC9208164, PMC9481362, PMC9896737","PMC10154226, PMC10791753, PMC11350138, PMC11506285, PMC11547205, PMC11929195, PMC11948944, PMC4309855, PMC5007678, PMC5377410, PMC5884778, PMC6064777, PMC6113230, PMC6162787, PMC6197260, PMC6231358, PMC6551802, PMC6742653, PMC6822259, PMC6830914, PMC6993373, PMC8047443, PMC9035725, PMC9124392, PMC9686841",59.59,58.62,47.8,50.0,982,427,45,25,188.0,436.0,210.0,455.0,forward,reverse_complement,4,3,4,"PMC10024876,PMC10067482,PMC10143835,PMC10500287,PMC10804105,PMC10876439,PMC10897192,PMC10925010,PMC11287178,PMC11430456,PMC11600949,PMC11655067,PMC11771862,PMC11806084,PMC11822660,PMC12058529,PMC3177901,PMC4197862,PMC4527189,PMC5363527,PMC5514637,PMC5628276,PMC5680584,PMC5692577,PMC5706581,PMC5833430,PMC5969319,PMC6172392,PMC6186781,PMC6276616,PMC6390023,PMC6929000,PMC7303297,PMC7787754,PMC7841444,PMC7861947,PMC7888534,PMC8095085,PMC8216663,PMC8460839,PMC8973582,PMC9173918,PMC9208164,PMC9481362,PMC9896737",,"PMC10154226,PMC10791753,PMC11350138,PMC11547205,PMC11929195,PMC11948944,PMC4309855,PMC5007678,PMC5377410,PMC5884778,PMC6064777,PMC6113230,PMC6162787,PMC6197260,PMC6231358,PMC6551802,PMC6742653,PMC6822259,PMC6830914,PMC6993373,PMC8047443,PMC9035725,PMC9124392,PMC9686841",PMC11506285,0,45,24,0,1,,,,,,,,,,,,,,,,,,,,,,0.6667545988117227,0.9005555555555556,0.6766666666666648,73.8877299405861
TTATAGAGCGATACAAGGGGGAG,CCATTCACCAGGAGGAAGAA,MAP1LC3B,MAP1LC3B,"LC3 (7), Map1lc3b (5), LC3B (4), Lc3b (4), LC3b (2), 124-186 (1), 52. (1), EVI-1 (1), LC (1), LC-3 (1), LC-3II (1), LC3-F (1), LC3-II (1), LC3-II-mF (1), LC3BF (1), LC3II (1), Lc3II (1), Lc3b-F (1), MAP1LC3B (1), Map (1), Maplic3b-F (1), Opa1 (1), Sequence (1), Sequence-Based (1), lc3 (1), mouse (1)","LC3 (6), LC3B (2), Autophagy-related (1), LC3B-anti-sense (1), Lc3b (1), Map1lc3b (1), NM_022867.2 (1), mLC3 (1), mLc3 (1), mLc3b (1)",5.2,0.056,47,19,"PMC10024876, PMC10067482, PMC10143835, PMC10500287, PMC10804105, PMC10876439, PMC10897192, PMC10925010, PMC11287178, PMC11430456, PMC11600949, PMC11655067, PMC11771862, PMC11806084, PMC11822660, PMC12058529, PMC3177901, PMC4197862, PMC4527189, PMC5363527, PMC5514637, PMC5628276, PMC5680584, PMC5692577, PMC5706581, PMC5833430, PMC5969319, PMC6172392, PMC6186781, PMC6276616, PMC6390023, PMC6929000, PMC7303297, PMC7787754, PMC7841444, PMC7861947, PMC7888534, PMC8095085, PMC8216663, PMC8460839, PMC8973582, PMC9173918, PMC9208164, PMC9481362, PMC9896737","PMC10092998, PMC11593522, PMC11937029, PMC11948944, PMC12023983, PMC3589785, PMC4410313, PMC4672298, PMC4830612, PMC5007678, PMC5247706, PMC6526833, PMC6561379, PMC7331036, PMC7584057, PMC7745617, PMC7994637, PMC8899170",59.59,57.48,47.8,50.0,982,201,45,18,188.0,322.0,210.0,341.0,forward,reverse_complement,4,3,2,"PMC10024876,PMC10067482,PMC10143835,PMC10500287,PMC10804105,PMC10876439,PMC10897192,PMC10925010,PMC11287178,PMC11430456,PMC11600949,PMC11655067,PMC11771862,PMC11806084,PMC11822660,PMC12058529,PMC3177901,PMC4197862,PMC4527189,PMC5363527,PMC5514637,PMC5628276,PMC5680584,PMC5692577,PMC5706581,PMC5833430,PMC5969319,PMC6172392,PMC6186781,PMC6276616,PMC6390023,PMC6929000,PMC7303297,PMC7787754,PMC7841444,PMC7861947,PMC7888534,PMC8095085,PMC8216663,PMC8460839,PMC8973582,PMC9173918,PMC9208164,PMC9481362,PMC9896737",,"PMC11937029,PMC6561379,PMC7331036,PMC8899170","PMC10092998,PMC11593522,PMC11948944,PMC12023983,PMC3589785,PMC4410313,PMC4672298,PMC4830612,PMC5007678,PMC5247706,PMC6526833,PMC7584057,PMC7745617,PMC7994637",0,45,4,0,14,,,,,,,SLC4A10,,......T.............,,,,,,,,,,,,,0.566958025525037,0.08372222222222224,0.2966666666666645,36.79290127625181
TTATAGAGCGATACAAGGGGGAG,ACTTCGGAGATGGGAGTGGA,MAP1LC3B,MAP1LC3B,"LC3 (7), Map1lc3b (5), LC3B (4), Lc3b (4), LC3b (2), 124-186 (1), 52. (1), EVI-1 (1), LC (1), LC-3 (1), LC-3II (1), LC3-F (1), LC3-II (1), LC3-II-mF (1), LC3BF (1), LC3II (1), Lc3II (1), Lc3b-F (1), MAP1LC3B (1), Map (1), Maplic3b-F (1), Opa1 (1), Sequence (1), Sequence-Based (1), lc3 (1), mouse (1)","LC3B (4), LC3 (2), LC3-II (1), Lc3b-Fw (1), Map1lc3b (1), Related (1)",5.2,3.5,47,16,"PMC10024876, PMC10067482, PMC10143835, PMC10500287, PMC10804105, PMC10876439, PMC10897192, PMC10925010, PMC11287178, PMC11430456, PMC11600949, PMC11655067, PMC11771862, PMC11806084, PMC11822660, PMC12058529, PMC3177901, PMC4197862, PMC4527189, PMC5363527, PMC5514637, PMC5628276, PMC5680584, PMC5692577, PMC5706581, PMC5833430, PMC5969319, PMC6172392, PMC6186781, PMC6276616, PMC6390023, PMC6929000, PMC7303297, PMC7787754, PMC7841444, PMC7861947, PMC7888534, PMC8095085, PMC8216663, PMC8460839, PMC8973582, PMC9173918, PMC9208164, PMC9481362, PMC9896737","PMC10186856, PMC11372845, PMC11492116, PMC3467208, PMC4056358, PMC4420774, PMC5475394, PMC5494548, PMC6713420, PMC7365531, PMC8233147, PMC8686076, PMC8869866, PMC9122381, PMC9409018, PMC9454743",59.59,60.63,47.8,55.0,982,217,45,16,188.0,361.0,210.0,380.0,forward,reverse_complement,4,3,3,"PMC10024876,PMC10067482,PMC10143835,PMC10500287,PMC10804105,PMC10876439,PMC10897192,PMC10925010,PMC11287178,PMC11430456,PMC11600949,PMC11655067,PMC11771862,PMC11806084,PMC11822660,PMC12058529,PMC3177901,PMC4197862,PMC4527189,PMC5363527,PMC5514637,PMC5628276,PMC5680584,PMC5692577,PMC5706581,PMC5833430,PMC5969319,PMC6172392,PMC6186781,PMC6276616,PMC6390023,PMC6929000,PMC7303297,PMC7787754,PMC7841444,PMC7861947,PMC7888534,PMC8095085,PMC8216663,PMC8460839,PMC8973582,PMC9173918,PMC9208164,PMC9481362,PMC9896737",,"PMC10186856,PMC11372845,PMC11492116,PMC3467208,PMC4056358,PMC4420774,PMC5475394,PMC5494548,PMC7365531,PMC8233147,PMC8686076,PMC9122381","PMC6713420,PMC8869866,PMC9409018,PMC9454743",0,45,12,0,4,,,,,,,,,,,,,,,,,,,,,,0.614244932885762,0.9422222222222223,0.6533333333333335,72.04557997762144
TTATAGAGCGATACAAGGGGGAG,GGAACTTGGTCTTGTCCAGGAC,MAP1LC3B,MAP1LC3B,"LC3 (7), Map1lc3b (5), LC3B (4), Lc3b (4), LC3b (2), 124-186 (1), 52. (1), EVI-1 (1), LC (1), LC-3 (1), LC-3II (1), LC3-F (1), LC3-II (1), LC3-II-mF (1), LC3BF (1), LC3II (1), Lc3II (1), Lc3b-F (1), MAP1LC3B (1), Map (1), Maplic3b-F (1), Opa1 (1), Sequence (1), Sequence-Based (1), lc3 (1), mouse (1)","Lc3b (3), LC3 (2), MAP1LC3B (2), Map1lc3b (2), LC3-II (1), LC3B (1), LC3b (1), Mouse-LC3 (1), m-LC3B-F (1), mmu-LC3b (1)",5.2,0.005,47,15,"PMC10024876, PMC10067482, PMC10143835, PMC10500287, PMC10804105, PMC10876439, PMC10897192, PMC10925010, PMC11287178, PMC11430456, PMC11600949, PMC11655067, PMC11771862, PMC11806084, PMC11822660, PMC12058529, PMC3177901, PMC4197862, PMC4527189, PMC5363527, PMC5514637, PMC5628276, PMC5680584, PMC5692577, PMC5706581, PMC5833430, PMC5969319, PMC6172392, PMC6186781, PMC6276616, PMC6390023, PMC6929000, PMC7303297, PMC7787754, PMC7841444, PMC7861947, PMC7888534, PMC8095085, PMC8216663, PMC8460839, PMC8973582, PMC9173918, PMC9208164, PMC9481362, PMC9896737","PMC10496234, PMC10557066, PMC10713401, PMC10892706, PMC10941580, PMC11436898, PMC11437326, PMC11874185, PMC11954813, PMC11981772, PMC11983871, PMC6396375, PMC8520723, PMC9159907, PMC9298657",59.59,61.47,47.8,54.5,982,66,45,15,188.0,223.0,210.0,244.0,forward,reverse_complement,4,4,5,"PMC10024876,PMC10067482,PMC10143835,PMC10500287,PMC10804105,PMC10876439,PMC10897192,PMC10925010,PMC11287178,PMC11430456,PMC11600949,PMC11655067,PMC11771862,PMC11806084,PMC11822660,PMC12058529,PMC3177901,PMC4197862,PMC4527189,PMC5363527,PMC5514637,PMC5628276,PMC5680584,PMC5692577,PMC5706581,PMC5833430,PMC5969319,PMC6172392,PMC6186781,PMC6276616,PMC6390023,PMC6929000,PMC7303297,PMC7787754,PMC7841444,PMC7861947,PMC7888534,PMC8095085,PMC8216663,PMC8460839,PMC8973582,PMC9173918,PMC9208164,PMC9481362,PMC9896737",,,"PMC10496234,PMC10557066,PMC10713401,PMC10892706,PMC10941580,PMC11436898,PMC11437326,PMC11874185,PMC11954813,PMC11981772,PMC11983871,PMC6396375,PMC8520723,PMC9159907,PMC9298657",0,45,0,0,15,,,,,,,,,,,,,,,,,,,,,,0.47286421430910724,0.8955555555555559,0.37333333333333485,57.97654404878874
TTATAGAGCGATACAAGGGGGAG,CCATTCACCAGGAGGAAGAAGG,MAP1LC3B,MAP1LC3B,"LC3 (7), Map1lc3b (5), LC3B (4), Lc3b (4), LC3b (2), 124-186 (1), 52. (1), EVI-1 (1), LC (1), LC-3 (1), LC-3II (1), LC3-F (1), LC3-II (1), LC3-II-mF (1), LC3BF (1), LC3II (1), Lc3II (1), Lc3b-F (1), MAP1LC3B (1), Map (1), Maplic3b-F (1), Opa1 (1), Sequence (1), Sequence-Based (1), lc3 (1), mouse (1)","MAP1LC3B (2), ATG3 (1), Gene (1), LC3 (1), LC3-II (1), Map1lc3b (1), Mouse-LC3 (1), m-LC3B-R (1), mmu-LC3b (1)",5.2,0.084,47,14,"PMC10024876, PMC10067482, PMC10143835, PMC10500287, PMC10804105, PMC10876439, PMC10897192, PMC10925010, PMC11287178, PMC11430456, PMC11600949, PMC11655067, PMC11771862, PMC11806084, PMC11822660, PMC12058529, PMC3177901, PMC4197862, PMC4527189, PMC5363527, PMC5514637, PMC5628276, PMC5680584, PMC5692577, PMC5706581, PMC5833430, PMC5969319, PMC6172392, PMC6186781, PMC6276616, PMC6390023, PMC6929000, PMC7303297, PMC7787754, PMC7841444, PMC7861947, PMC7888534, PMC8095085, PMC8216663, PMC8460839, PMC8973582, PMC9173918, PMC9208164, PMC9481362, PMC9896737","PMC10496234, PMC10557066, PMC10713401, PMC10941580, PMC11436898, PMC11437326, PMC11874185, PMC11954813, PMC11981772, PMC11983871, PMC6396375, PMC8520723, PMC9159907, PMC9298657",59.59,61.03,47.8,54.5,982,64,45,14,188.0,320.0,210.0,341.0,forward,reverse_complement,4,3,2,"PMC10024876,PMC10067482,PMC10143835,PMC10500287,PMC10804105,PMC10876439,PMC10897192,PMC10925010,PMC11287178,PMC11430456,PMC11600949,PMC11655067,PMC11771862,PMC11806084,PMC11822660,PMC12058529,PMC3177901,PMC4197862,PMC4527189,PMC5363527,PMC5514637,PMC5628276,PMC5680584,PMC5692577,PMC5706581,PMC5833430,PMC5969319,PMC6172392,PMC6186781,PMC6276616,PMC6390023,PMC6929000,PMC7303297,PMC7787754,PMC7841444,PMC7861947,PMC7888534,PMC8095085,PMC8216663,PMC8460839,PMC8973582,PMC9173918,PMC9208164,PMC9481362,PMC9896737",,"PMC10496234,PMC10557066,PMC10713401,PMC10941580,PMC11436898,PMC11437326,PMC11874185,PMC11954813,PMC11981772,PMC11983871,PMC6396375,PMC8520723,PMC9159907,PMC9298657",,0,45,14,0,0,,,,,,,,,,,,,,,,,,,,,,0.6169632527500271,0.9200000000000002,0.5200000000000007,68.84816263750137
TTATAGAGCGATACAAGGGGGAG,CCAGGAGGAAGAAGGCTTGG,MAP1LC3B,MAP1LC3B,"LC3 (7), Map1lc3b (5), LC3B (4), Lc3b (4), LC3b (2), 124-186 (1), 52. (1), EVI-1 (1), LC (1), LC-3 (1), LC-3II (1), LC3-F (1), LC3-II (1), LC3-II-mF (1), LC3BF (1), LC3II (1), Lc3II (1), Lc3b-F (1), MAP1LC3B (1), Map (1), Maplic3b-F (1), Opa1 (1), Sequence (1), Sequence-Based (1), lc3 (1), mouse (1)","LC3 (4), CTC-3 (1), LC3II (1), LC3b (1), MAP1LC3B (1), Map1lc3b (1)",5.2,0.22,47,11,"PMC10024876, PMC10067482, PMC10143835, PMC10500287, PMC10804105, PMC10876439, PMC10897192, PMC10925010, PMC11287178, PMC11430456, PMC11600949, PMC11655067, PMC11771862, PMC11806084, PMC11822660, PMC12058529, PMC3177901, PMC4197862, PMC4527189, PMC5363527, PMC5514637, PMC5628276, PMC5680584, PMC5692577, PMC5706581, PMC5833430, PMC5969319, PMC6172392, PMC6186781, PMC6276616, PMC6390023, PMC6929000, PMC7303297, PMC7787754, PMC7841444, PMC7861947, PMC7888534, PMC8095085, PMC8216663, PMC8460839, PMC8973582, PMC9173918, PMC9208164, PMC9481362, PMC9896737","PMC11938607, PMC5247474, PMC5639395, PMC6248272, PMC6586845, PMC6617669, PMC8152413, PMC8308346, PMC8470434, PMC9220220, PMC9577180",59.59,60.7,47.8,60.0,982,318,45,11,188.0,315.0,210.0,334.0,forward,reverse_complement,4,3,4,"PMC10024876,PMC10067482,PMC10143835,PMC10500287,PMC10804105,PMC10876439,PMC10897192,PMC10925010,PMC11287178,PMC11430456,PMC11600949,PMC11655067,PMC11771862,PMC11806084,PMC11822660,PMC12058529,PMC3177901,PMC4197862,PMC4527189,PMC5363527,PMC5514637,PMC5628276,PMC5680584,PMC5692577,PMC5706581,PMC5833430,PMC5969319,PMC6172392,PMC6186781,PMC6276616,PMC6390023,PMC6929000,PMC7303297,PMC7787754,PMC7841444,PMC7861947,PMC7888534,PMC8095085,PMC8216663,PMC8460839,PMC8973582,PMC9173918,PMC9208164,PMC9481362,PMC9896737",,"PMC11938607,PMC5639395,PMC6248272,PMC6586845,PMC6617669,PMC8470434,PMC9220220,PMC9577180","PMC5247474,PMC8152413,PMC8308346",0,45,8,0,3,,,,,,,,,,,,,,,,,,,,,,0.58031825938824,0.8966666666666667,0.6300000000000001,68.51591296941201
TTATAGAGCGATACAAGGGGGAG,GTTAGCATTGAGCTGCAAGCG,MAP1LC3B,MAP1LC3B,"LC3 (7), Map1lc3b (5), LC3B (4), Lc3b (4), LC3b (2), 124-186 (1), 52. (1), EVI-1 (1), LC (1), LC-3 (1), LC-3II (1), LC3-F (1), LC3-II (1), LC3-II-mF (1), LC3BF (1), LC3II (1), Lc3II (1), Lc3b-F (1), MAP1LC3B (1), Map (1), Maplic3b-F (1), Opa1 (1), Sequence (1), Sequence-Based (1), lc3 (1), mouse (1)","LC3 (3), LC3B (1), Lc3b (1), MAP1 (1), MAPLC3 (1), Map1lc3b (1)",5.2,1.1,47,8,"PMC10024876, PMC10067482, PMC10143835, PMC10500287, PMC10804105, PMC10876439, PMC10897192, PMC10925010, PMC11287178, PMC11430456, PMC11600949, PMC11655067, PMC11771862, PMC11806084, PMC11822660, PMC12058529, PMC3177901, PMC4197862, PMC4527189, PMC5363527, PMC5514637, PMC5628276, PMC5680584, PMC5692577, PMC5706581, PMC5833430, PMC5969319, PMC6172392, PMC6186781, PMC6276616, PMC6390023, PMC6929000, PMC7303297, PMC7787754, PMC7841444, PMC7861947, PMC7888534, PMC8095085, PMC8216663, PMC8460839, PMC8973582, PMC9173918, PMC9208164, PMC9481362, PMC9896737","PMC11367457, PMC4346695, PMC5863351, PMC6608561, PMC6712653, PMC7287307, PMC9120058, PMC9780783",59.59,61.43,47.8,52.4,982,61,45,8,188.0,295.0,210.0,315.0,forward,reverse_complement,4,4,3,"PMC10024876,PMC10067482,PMC10143835,PMC10500287,PMC10804105,PMC10876439,PMC10897192,PMC10925010,PMC11287178,PMC11430456,PMC11600949,PMC11655067,PMC11771862,PMC11806084,PMC11822660,PMC12058529,PMC3177901,PMC4197862,PMC4527189,PMC5363527,PMC5514637,PMC5628276,PMC5680584,PMC5692577,PMC5706581,PMC5833430,PMC5969319,PMC6172392,PMC6186781,PMC6276616,PMC6390023,PMC6929000,PMC7303297,PMC7787754,PMC7841444,PMC7861947,PMC7888534,PMC8095085,PMC8216663,PMC8460839,PMC8973582,PMC9173918,PMC9208164,PMC9481362,PMC9896737",,,"PMC11367457,PMC4346695,PMC5863351,PMC6608561,PMC6712653,PMC7287307,PMC9120058,PMC9780783",0,45,0,0,8,,,,,,,,,,,,,,,,,,,,,,0.44972602059263733,0.897777777777778,0.38666666666666794,57.15296769629856
TTCTTCCTCCTGGTGAATGG,ATTGCTGTCCCGAATGTCTC,MAP1LC3B,MAP1LC3B,"LC3 (6), LC3B (2), Autophagy-related (1), LC3B-anti-sense (1), Lc3b (1), Map1lc3b (1), NM_022867.2 (1), mLC3 (1), mLc3 (1), mLc3b (1)","Map1lc3b (7), LC3b (4), LC3 (3), GACCAAGT-3 (1), GAPDH (1), MLP3B (1), Mapllc3b (1), Mouse (1), Mouse- (1), SQSTM1 (1)",0.056,14.0,19,27,"PMC10092998, PMC11593522, PMC11937029, PMC11948944, PMC12023983, PMC3589785, PMC4410313, PMC4672298, PMC4830612, PMC5007678, PMC5247706, PMC6526833, PMC6561379, PMC7331036, PMC7584057, PMC7745617, PMC7994637, PMC8899170","PMC10154226, PMC10791753, PMC11350138, PMC11506285, PMC11547205, PMC11929195, PMC11948944, PMC4309855, PMC5007678, PMC5377410, PMC5884778, PMC6064777, PMC6113230, PMC6162787, PMC6197260, PMC6231358, PMC6551802, PMC6742653, PMC6822259, PMC6830914, PMC6993373, PMC8047443, PMC9035725, PMC9124392, PMC9686841",57.48,58.62,50.0,50.0,201,427,18,25,322.0,436.0,341.0,455.0,forward,reverse_complement,3,3,3,"PMC10092998,PMC11593522,PMC11948944,PMC12023983,PMC3589785,PMC4410313,PMC4672298,PMC4830612,PMC5007678,PMC5247706,PMC6526833,PMC7584057,PMC7745617,PMC7994637","PMC11937029,PMC6561379,PMC7331036,PMC8899170","PMC10154226,PMC10791753,PMC11350138,PMC11547205,PMC11929195,PMC11948944,PMC4309855,PMC5007678,PMC5377410,PMC5884778,PMC6064777,PMC6113230,PMC6162787,PMC6197260,PMC6231358,PMC6551802,PMC6742653,PMC6822259,PMC6830914,PMC6993373,PMC8047443,PMC9035725,PMC9124392,PMC9686841",PMC11506285,2,14,24,4,1,"PMC11948944,PMC5007678",,,,,SLC4A10,,.............A......,,,,,,,,,,,,,,0.7390916097460593,0.07833333333333331,0.6199999999999999,51.70458048730296
TTCTTCCTCCTGGTGAATGG,ACTTCGGAGATGGGAGTGGA,MAP1LC3B,MAP1LC3B,"LC3 (6), LC3B (2), Autophagy-related (1), LC3B-anti-sense (1), Lc3b (1), Map1lc3b (1), NM_022867.2 (1), mLC3 (1), mLc3 (1), mLc3b (1)","LC3B (4), LC3 (2), LC3-II (1), Lc3b-Fw (1), Map1lc3b (1), Related (1)",0.056,3.5,19,16,"PMC10092998, PMC11593522, PMC11937029, PMC11948944, PMC12023983, PMC3589785, PMC4410313, PMC4672298, PMC4830612, PMC5007678, PMC5247706, PMC6526833, PMC6561379, PMC7331036, PMC7584057, PMC7745617, PMC7994637, PMC8899170","PMC10186856, PMC11372845, PMC11492116, PMC3467208, PMC4056358, PMC4420774, PMC5475394, PMC5494548, PMC6713420, PMC7365531, PMC8233147, PMC8686076, PMC8869866, PMC9122381, PMC9409018, PMC9454743",57.48,60.63,50.0,55.0,201,217,18,16,322.0,361.0,341.0,380.0,forward,reverse_complement,3,3,4,"PMC10092998,PMC11593522,PMC11948944,PMC12023983,PMC3589785,PMC4410313,PMC4672298,PMC4830612,PMC5007678,PMC5247706,PMC6526833,PMC7584057,PMC7745617,PMC7994637","PMC11937029,PMC6561379,PMC7331036,PMC8899170","PMC10186856,PMC11372845,PMC11492116,PMC3467208,PMC4056358,PMC4420774,PMC5475394,PMC5494548,PMC7365531,PMC8233147,PMC8686076,PMC9122381","PMC6713420,PMC8869866,PMC9409018,PMC9454743",0,14,12,4,4,,,,,,SLC4A10,,.............A......,,,,,,,,,,,,,,0.5179846852908507,0.08249999999999998,0.0,28.374234264542537
TCCACTCCCATCTCCGAAGT,ATTGCTGTCCCGAATGTCTC,MAP1LC3B,MAP1LC3B,"LC3B (4), LC3 (2), LC3-II (1), Lc3b-Fw (1), Map1lc3b (1), Related (1)","Map1lc3b (7), LC3b (4), LC3 (3), GACCAAGT-3 (1), GAPDH (1), MLP3B (1), Mapllc3b (1), Mouse (1), Mouse- (1), SQSTM1 (1)",3.5,14.0,16,27,"PMC10186856, PMC11372845, PMC11492116, PMC3467208, PMC4056358, PMC4420774, PMC5475394, PMC5494548, PMC6713420, PMC7365531, PMC8233147, PMC8686076, PMC8869866, PMC9122381, PMC9409018, PMC9454743","PMC10154226, PMC10791753, PMC11350138, PMC11506285, PMC11547205, PMC11929195, PMC11948944, PMC4309855, PMC5007678, PMC5377410, PMC5884778, PMC6064777, PMC6113230, PMC6162787, PMC6197260, PMC6231358, PMC6551802, PMC6742653, PMC6822259, PMC6830914, PMC6993373, PMC8047443, PMC9035725, PMC9124392, PMC9686841",60.63,58.62,55.0,50.0,217,427,16,25,361.0,436.0,380.0,455.0,forward,reverse_complement,3,3,3,"PMC6713420,PMC8869866,PMC9409018,PMC9454743","PMC10186856,PMC11372845,PMC11492116,PMC3467208,PMC4056358,PMC4420774,PMC5475394,PMC5494548,PMC7365531,PMC8233147,PMC8686076,PMC9122381","PMC10154226,PMC10791753,PMC11350138,PMC11547205,PMC11929195,PMC11948944,PMC4309855,PMC5007678,PMC5377410,PMC5884778,PMC6064777,PMC6113230,PMC6162787,PMC6197260,PMC6231358,PMC6551802,PMC6742653,PMC6822259,PMC6830914,PMC6993373,PMC8047443,PMC9035725,PMC9124392,PMC9686841",PMC11506285,0,4,24,12,1,,,,,,,,,,,,,,,,,,,,,,0.5065098559023655,0.888333333333333,0.3299999999999983,58.57549279511822
GTCCTGGACAAGACCAAGTTCC,ATTGCTGTCCCGAATGTCTC,MAP1LC3B,MAP1LC3B,"Lc3b (3), LC3 (2), MAP1LC3B (2), Map1lc3b (2), LC3-II (1), LC3B (1), LC3b (1), Mouse-LC3 (1), m-LC3B-F (1), mmu-LC3b (1)","Map1lc3b (7), LC3b (4), LC3 (3), GACCAAGT-3 (1), GAPDH (1), MLP3B (1), Mapllc3b (1), Mouse (1), Mouse- (1), SQSTM1 (1)",0.005,14.0,15,27,"PMC10496234, PMC10557066, PMC10713401, PMC10892706, PMC10941580, PMC11436898, PMC11437326, PMC11874185, PMC11954813, PMC11981772, PMC11983871, PMC6396375, PMC8520723, PMC9159907, PMC9298657","PMC10154226, PMC10791753, PMC11350138, PMC11506285, PMC11547205, PMC11929195, PMC11948944, PMC4309855, PMC5007678, PMC5377410, PMC5884778, PMC6064777, PMC6113230, PMC6162787, PMC6197260, PMC6231358, PMC6551802, PMC6742653, PMC6822259, PMC6830914, PMC6993373, PMC8047443, PMC9035725, PMC9124392, PMC9686841",61.47,58.62,54.5,50.0,66,427,15,25,223.0,436.0,244.0,455.0,forward,reverse_complement,4,3,5,"PMC10496234,PMC10557066,PMC10713401,PMC10892706,PMC10941580,PMC11436898,PMC11437326,PMC11874185,PMC11954813,PMC11981772,PMC11983871,PMC6396375,PMC8520723,PMC9159907,PMC9298657",,"PMC10154226,PMC10791753,PMC11350138,PMC11547205,PMC11929195,PMC11948944,PMC4309855,PMC5007678,PMC5377410,PMC5884778,PMC6064777,PMC6113230,PMC6162787,PMC6197260,PMC6231358,PMC6551802,PMC6742653,PMC6822259,PMC6830914,PMC6993373,PMC8047443,PMC9035725,PMC9124392,PMC9686841",PMC11506285,0,15,24,0,1,,,,,,,,,,,,,,,,,,,,,,0.5670794522558857,0.8416666666666666,0.04999999999999949,54.60397261279427
GTCCTGGACAAGACCAAGTTCC,CCATTCACCAGGAGGAAGAA,MAP1LC3B,MAP1LC3B,"Lc3b (3), LC3 (2), MAP1LC3B (2), Map1lc3b (2), LC3-II (1), LC3B (1), LC3b (1), Mouse-LC3 (1), m-LC3B-F (1), mmu-LC3b (1)","LC3 (6), LC3B (2), Autophagy-related (1), LC3B-anti-sense (1), Lc3b (1), Map1lc3b (1), NM_022867.2 (1), mLC3 (1), mLc3 (1), mLc3b (1)",0.005,0.056,15,19,"PMC10496234, PMC10557066, PMC10713401, PMC10892706, PMC10941580, PMC11436898, PMC11437326, PMC11874185, PMC11954813, PMC11981772, PMC11983871, PMC6396375, PMC8520723, PMC9159907, PMC9298657","PMC10092998, PMC11593522, PMC11937029, PMC11948944, PMC12023983, PMC3589785, PMC4410313, PMC4672298, PMC4830612, PMC5007678, PMC5247706, PMC6526833, PMC6561379, PMC7331036, PMC7584057, PMC7745617, PMC7994637, PMC8899170",61.47,57.48,54.5,50.0,66,201,15,18,223.0,322.0,244.0,341.0,forward,reverse_complement,4,3,6,"PMC10496234,PMC10557066,PMC10713401,PMC10892706,PMC10941580,PMC11436898,PMC11437326,PMC11874185,PMC11954813,PMC11981772,PMC11983871,PMC6396375,PMC8520723,PMC9159907,PMC9298657",,"PMC11937029,PMC6561379,PMC7331036,PMC8899170","PMC10092998,PMC11593522,PMC11948944,PMC12023983,PMC3589785,PMC4410313,PMC4672298,PMC4830612,PMC5007678,PMC5247706,PMC6526833,PMC7584057,PMC7745617,PMC7994637",0,15,4,0,14,,,,,,,SLC4A10,,......T.............,,,,,,,,,,,,,0.0,0.0,0.0,0.0
GTCCTGGACAAGACCAAGTTCC,ACTTCGGAGATGGGAGTGGA,MAP1LC3B,MAP1LC3B,"Lc3b (3), LC3 (2), MAP1LC3B (2), Map1lc3b (2), LC3-II (1), LC3B (1), LC3b (1), Mouse-LC3 (1), m-LC3B-F (1), mmu-LC3b (1)","LC3B (4), LC3 (2), LC3-II (1), Lc3b-Fw (1), Map1lc3b (1), Related (1)",0.005,3.5,15,16,"PMC10496234, PMC10557066, PMC10713401, PMC10892706, PMC10941580, PMC11436898, PMC11437326, PMC11874185, PMC11954813, PMC11981772, PMC11983871, PMC6396375, PMC8520723, PMC9159907, PMC9298657","PMC10186856, PMC11372845, PMC11492116, PMC3467208, PMC4056358, PMC4420774, PMC5475394, PMC5494548, PMC6713420, PMC7365531, PMC8233147, PMC8686076, PMC8869866, PMC9122381, PMC9409018, PMC9454743",61.47,60.63,54.5,55.0,66,217,15,16,223.0,361.0,244.0,380.0,forward,reverse_complement,4,3,4,"PMC10496234,PMC10557066,PMC10713401,PMC10892706,PMC10941580,PMC11436898,PMC11437326,PMC11874185,PMC11954813,PMC11981772,PMC11983871,PMC6396375,PMC8520723,PMC9159907,PMC9298657",,"PMC10186856,PMC11372845,PMC11492116,PMC3467208,PMC4056358,PMC4420774,PMC5475394,PMC5494548,PMC7365531,PMC8233147,PMC8686076,PMC9122381","PMC6713420,PMC8869866,PMC9409018,PMC9454743",0,15,12,0,4,,,,,,,,,,,,,,,,,,,,,,0.514569786329925,0.8833333333333333,0.7200000000000013,66.62848931649627
GTCCTGGACAAGACCAAGTTCC,CCATTCACCAGGAGGAAGAAGG,MAP1LC3B,MAP1LC3B,"Lc3b (3), LC3 (2), MAP1LC3B (2), Map1lc3b (2), LC3-II (1), LC3B (1), LC3b (1), Mouse-LC3 (1), m-LC3B-F (1), mmu-LC3b (1)","MAP1LC3B (2), ATG3 (1), Gene (1), LC3 (1), LC3-II (1), Map1lc3b (1), Mouse-LC3 (1), m-LC3B-R (1), mmu-LC3b (1)",0.005,0.084,15,14,"PMC10496234, PMC10557066, PMC10713401, PMC10892706, PMC10941580, PMC11436898, PMC11437326, PMC11874185, PMC11954813, PMC11981772, PMC11983871, PMC6396375, PMC8520723, PMC9159907, PMC9298657","PMC10496234, PMC10557066, PMC10713401, PMC10941580, PMC11436898, PMC11437326, PMC11874185, PMC11954813, PMC11981772, PMC11983871, PMC6396375, PMC8520723, PMC9159907, PMC9298657",61.47,61.03,54.5,54.5,66,64,15,14,223.0,320.0,244.0,341.0,forward,reverse_complement,4,3,6,"PMC10496234,PMC10557066,PMC10713401,PMC10892706,PMC10941580,PMC11436898,PMC11437326,PMC11874185,PMC11954813,PMC11981772,PMC11983871,PMC6396375,PMC8520723,PMC9159907,PMC9298657",,"PMC10496234,PMC10557066,PMC10713401,PMC10941580,PMC11436898,PMC11437326,PMC11874185,PMC11954813,PMC11981772,PMC11983871,PMC6396375,PMC8520723,PMC9159907,PMC9298657",,14,15,14,0,0,"PMC10496234,PMC10557066,PMC10713401,PMC10941580,PMC11436898,PMC11437326,PMC11874185,PMC11954813,PMC11981772,PMC11983871,PMC6396375,PMC8520723,PMC9159907,PMC9298657",,,,,,,,,,,,,,,,,,,,,0.0,0.0,0.0,0.0
GTCCTGGACAAGACCAAGTTCC,CCAGGAGGAAGAAGGCTTGG,MAP1LC3B,MAP1LC3B,"Lc3b (3), LC3 (2), MAP1LC3B (2), Map1lc3b (2), LC3-II (1), LC3B (1), LC3b (1), Mouse-LC3 (1), m-LC3B-F (1), mmu-LC3b (1)","LC3 (4), CTC-3 (1), LC3II (1), LC3b (1), MAP1LC3B (1), Map1lc3b (1)",0.005,0.22,15,11,"PMC10496234, PMC10557066, PMC10713401, PMC10892706, PMC10941580, PMC11436898, PMC11437326, PMC11874185, PMC11954813, PMC11981772, PMC11983871, PMC6396375, PMC8520723, PMC9159907, PMC9298657","PMC11938607, PMC5247474, PMC5639395, PMC6248272, PMC6586845, PMC6617669, PMC8152413, PMC8308346, PMC8470434, PMC9220220, PMC9577180",61.47,60.7,54.5,60.0,66,318,15,11,223.0,315.0,244.0,334.0,forward,reverse_complement,4,3,6,"PMC10496234,PMC10557066,PMC10713401,PMC10892706,PMC10941580,PMC11436898,PMC11437326,PMC11874185,PMC11954813,PMC11981772,PMC11983871,PMC6396375,PMC8520723,PMC9159907,PMC9298657",,"PMC11938607,PMC5639395,PMC6248272,PMC6586845,PMC6617669,PMC8470434,PMC9220220,PMC9577180","PMC5247474,PMC8152413,PMC8308346",0,15,8,0,3,,,,,,,,,,,,,,,,,,,,,,0.0,0.0,0.0,0.0
GTCCTGGACAAGACCAAGTTCC,GTTAGCATTGAGCTGCAAGCG,MAP1LC3B,MAP1LC3B,"Lc3b (3), LC3 (2), MAP1LC3B (2), Map1lc3b (2), LC3-II (1), LC3B (1), LC3b (1), Mouse-LC3 (1), m-LC3B-F (1), mmu-LC3b (1)","LC3 (3), LC3B (1), Lc3b (1), MAP1 (1), MAPLC3 (1), Map1lc3b (1)",0.005,1.1,15,8,"PMC10496234, PMC10557066, PMC10713401, PMC10892706, PMC10941580, PMC11436898, PMC11437326, PMC11874185, PMC11954813, PMC11981772, PMC11983871, PMC6396375, PMC8520723, PMC9159907, PMC9298657","PMC11367457, PMC4346695, PMC5863351, PMC6608561, PMC6712653, PMC7287307, PMC9120058, PMC9780783",61.47,61.43,54.5,52.4,66,61,15,8,223.0,295.0,244.0,315.0,forward,reverse_complement,4,4,3,"PMC10496234,PMC10557066,PMC10713401,PMC10892706,PMC10941580,PMC11436898,PMC11437326,PMC11874185,PMC11954813,PMC11981772,PMC11983871,PMC6396375,PMC8520723,PMC9159907,PMC9298657",,,"PMC11367457,PMC4346695,PMC5863351,PMC6608561,PMC6712653,PMC7287307,PMC9120058,PMC9780783",0,15,0,0,8,,,,,,,,,,,,,,,,,,,,,,0.35005087403680035,0.838888888888889,0.9866666666666669,62.40254370184003
CATGCCGTCCGAGAAGACCT,CTCCCCCTTGTATCGCTCTATAA,MAP1LC3B,MAP1LC3B,"LC3 (6), 20 (1), Bcl-2 (1), LC3b (1), Lc3b (1), Map1lc3b (1), mmu (1)","LC3 (7), Map1lc3b (5), LC3B (4), Lc3b (4), LC3b (2), 124-186 (1), 52. (1), EVI-1 (1), LC (1), LC-3 (1), LC-3II (1), LC3-F (1), LC3-II (1), LC3-II-mF (1), LC3BF (1), LC3II (1), Lc3II (1), Lc3b-F (1), MAP1LC3B (1), Map (1), Maplic3b-F (1), Opa1 (1), Sequence (1), Sequence-Based (1), lc3 (1), mouse (1)",0.87,5.2,15,47,"PMC10567954, PMC10991266, PMC11742184, PMC12089232, PMC3239374, PMC4558518, PMC5614680, PMC5655117, PMC6844315, PMC8140921, PMC8365606, PMC8870618, PMC8962562, PMC9320075, PMC9923816","PMC10024876, PMC10067482, PMC10143835, PMC10500287, PMC10804105, PMC10876439, PMC10897192, PMC10925010, PMC11287178, PMC11430456, PMC11600949, PMC11655067, PMC11771862, PMC11806084, PMC11822660, PMC12058529, PMC3177901, PMC4197862, PMC4527189, PMC5363527, PMC5514637, PMC5628276, PMC5680584, PMC5692577, PMC5706581, PMC5833430, PMC5969319, PMC6172392, PMC6186781, PMC6276616, PMC6390023, PMC6929000, PMC7303297, PMC7787754, PMC7841444, PMC7861947, PMC7888534, PMC8095085, PMC8216663, PMC8460839, PMC8973582, PMC9173918, PMC9208164, PMC9481362, PMC9896737",62.6,59.59,60.0,47.8,193,982,15,45,87.0,188.0,106.0,210.0,forward,reverse_complement,4,4,3,"PMC10567954,PMC10991266,PMC11742184,PMC12089232,PMC3239374,PMC4558518,PMC5614680,PMC5655117,PMC6844315,PMC8140921,PMC8365606,PMC8870618,PMC8962562,PMC9320075,PMC9923816",,,"PMC10024876,PMC10067482,PMC10143835,PMC10500287,PMC10804105,PMC10876439,PMC10897192,PMC10925010,PMC11287178,PMC11430456,PMC11600949,PMC11655067,PMC11771862,PMC11806084,PMC11822660,PMC12058529,PMC3177901,PMC4197862,PMC4527189,PMC5363527,PMC5514637,PMC5628276,PMC5680584,PMC5692577,PMC5706581,PMC5833430,PMC5969319,PMC6172392,PMC6186781,PMC6276616,PMC6390023,PMC6929000,PMC7303297,PMC7787754,PMC7841444,PMC7861947,PMC7888534,PMC8095085,PMC8216663,PMC8460839,PMC8973582,PMC9173918,PMC9208164,PMC9481362,PMC9896737",0,15,0,0,45,,,,,,,,,,,,,,,,,,,,,,0.4156580877087498,0.7911111111111113,0.0,44.51623771877083
CATGCCGTCCGAGAAGACCT,CCATTCACCAGGAGGAAGAA,MAP1LC3B,MAP1LC3B,"LC3 (6), 20 (1), Bcl-2 (1), LC3b (1), Lc3b (1), Map1lc3b (1), mmu (1)","LC3 (6), LC3B (2), Autophagy-related (1), LC3B-anti-sense (1), Lc3b (1), Map1lc3b (1), NM_022867.2 (1), mLC3 (1), mLc3 (1), mLc3b (1)",0.87,0.056,15,19,"PMC10567954, PMC10991266, PMC11742184, PMC12089232, PMC3239374, PMC4558518, PMC5614680, PMC5655117, PMC6844315, PMC8140921, PMC8365606, PMC8870618, PMC8962562, PMC9320075, PMC9923816","PMC10092998, PMC11593522, PMC11937029, PMC11948944, PMC12023983, PMC3589785, PMC4410313, PMC4672298, PMC4830612, PMC5007678, PMC5247706, PMC6526833, PMC6561379, PMC7331036, PMC7584057, PMC7745617, PMC7994637, PMC8899170",62.6,57.48,60.0,50.0,193,201,15,18,87.0,322.0,106.0,341.0,forward,reverse_complement,4,3,3,"PMC10567954,PMC10991266,PMC11742184,PMC12089232,PMC3239374,PMC4558518,PMC5614680,PMC5655117,PMC6844315,PMC8140921,PMC8365606,PMC8870618,PMC8962562,PMC9320075,PMC9923816",,"PMC11937029,PMC6561379,PMC7331036,PMC8899170","PMC10092998,PMC11593522,PMC11948944,PMC12023983,PMC3589785,PMC4410313,PMC4672298,PMC4830612,PMC5007678,PMC5247706,PMC6526833,PMC7584057,PMC7745617,PMC7994637",0,15,4,0,14,,,,,,,SLC4A10,,......T.............,,,,,,,,,,,,,0.4672828789692002,0.06738888888888887,0.0,25.385810615126676
CATGCCGTCCGAGAAGACCT,ACTTCGGAGATGGGAGTGGA,MAP1LC3B,MAP1LC3B,"LC3 (6), 20 (1), Bcl-2 (1), LC3b (1), Lc3b (1), Map1lc3b (1), mmu (1)","LC3B (4), LC3 (2), LC3-II (1), Lc3b-Fw (1), Map1lc3b (1), Related (1)",0.87,3.5,15,16,"PMC10567954, PMC10991266, PMC11742184, PMC12089232, PMC3239374, PMC4558518, PMC5614680, PMC5655117, PMC6844315, PMC8140921, PMC8365606, PMC8870618, PMC8962562, PMC9320075, PMC9923816","PMC10186856, PMC11372845, PMC11492116, PMC3467208, PMC4056358, PMC4420774, PMC5475394, PMC5494548, PMC6713420, PMC7365531, PMC8233147, PMC8686076, PMC8869866, PMC9122381, PMC9409018, PMC9454743",62.6,60.63,60.0,55.0,193,217,15,16,87.0,361.0,106.0,380.0,forward,reverse_complement,4,3,5,"PMC10567954,PMC10991266,PMC11742184,PMC12089232,PMC3239374,PMC4558518,PMC5614680,PMC5655117,PMC6844315,PMC8140921,PMC8365606,PMC8870618,PMC8962562,PMC9320075,PMC9923816",,"PMC10186856,PMC11372845,PMC11492116,PMC3467208,PMC4056358,PMC4420774,PMC5475394,PMC5494548,PMC7365531,PMC8233147,PMC8686076,PMC9122381","PMC6713420,PMC8869866,PMC9409018,PMC9454743",0,15,12,0,4,,,,,,,,,,,,,,,,,,,,,,0.514569786329925,0.7788888888888887,0.3433333333333337,55.961822649829585
CATGCCGTCCGAGAAGACCT,GGAACTTGGTCTTGTCCAGGAC,MAP1LC3B,MAP1LC3B,"LC3 (6), 20 (1), Bcl-2 (1), LC3b (1), Lc3b (1), Map1lc3b (1), mmu (1)","Lc3b (3), LC3 (2), MAP1LC3B (2), Map1lc3b (2), LC3-II (1), LC3B (1), LC3b (1), Mouse-LC3 (1), m-LC3B-F (1), mmu-LC3b (1)",0.87,0.005,15,15,"PMC10567954, PMC10991266, PMC11742184, PMC12089232, PMC3239374, PMC4558518, PMC5614680, PMC5655117, PMC6844315, PMC8140921, PMC8365606, PMC8870618, PMC8962562, PMC9320075, PMC9923816","PMC10496234, PMC10557066, PMC10713401, PMC10892706, PMC10941580, PMC11436898, PMC11437326, PMC11874185, PMC11954813, PMC11981772, PMC11983871, PMC6396375, PMC8520723, PMC9159907, PMC9298657",62.6,61.47,60.0,54.5,193,66,15,15,87.0,223.0,106.0,244.0,forward,reverse_complement,4,4,6,"PMC10567954,PMC10991266,PMC11742184,PMC12089232,PMC3239374,PMC4558518,PMC5614680,PMC5655117,PMC6844315,PMC8140921,PMC8365606,PMC8870618,PMC8962562,PMC9320075,PMC9923816",,,"PMC10496234,PMC10557066,PMC10713401,PMC10892706,PMC10941580,PMC11436898,PMC11437326,PMC11874185,PMC11954813,PMC11981772,PMC11983871,PMC6396375,PMC8520723,PMC9159907,PMC9298657",0,15,0,0,15,,,,,,,,,,,,,,,,,,,,,,0.0,0.0,0.0,0.0
CATGCCGTCCGAGAAGACCT,CCATTCACCAGGAGGAAGAAGG,MAP1LC3B,MAP1LC3B,"LC3 (6), 20 (1), Bcl-2 (1), LC3b (1), Lc3b (1), Map1lc3b (1), mmu (1)","MAP1LC3B (2), ATG3 (1), Gene (1), LC3 (1), LC3-II (1), Map1lc3b (1), Mouse-LC3 (1), m-LC3B-R (1), mmu-LC3b (1)",0.87,0.084,15,14,"PMC10567954, PMC10991266, PMC11742184, PMC12089232, PMC3239374, PMC4558518, PMC5614680, PMC5655117, PMC6844315, PMC8140921, PMC8365606, PMC8870618, PMC8962562, PMC9320075, PMC9923816","PMC10496234, PMC10557066, PMC10713401, PMC10941580, PMC11436898, PMC11437326, PMC11874185, PMC11954813, PMC11981772, PMC11983871, PMC6396375, PMC8520723, PMC9159907, PMC9298657",62.6,61.03,60.0,54.5,193,64,15,14,87.0,320.0,106.0,341.0,forward,reverse_complement,4,3,3,"PMC10567954,PMC10991266,PMC11742184,PMC12089232,PMC3239374,PMC4558518,PMC5614680,PMC5655117,PMC6844315,PMC8140921,PMC8365606,PMC8870618,PMC8962562,PMC9320075,PMC9923816",,"PMC10496234,PMC10557066,PMC10713401,PMC10941580,PMC11436898,PMC11437326,PMC11874185,PMC11954813,PMC11981772,PMC11983871,PMC6396375,PMC8520723,PMC9159907,PMC9298657",,0,15,14,0,0,,,,,,,,,,,,,,,,,,,,,,0.5172881061941901,0.7566666666666666,0.47666666666666657,58.09773864304284
CATGCCGTCCGAGAAGACCT,GATGAGCCGGACATCTTCCACT,MAP1LC3B,MAP1LC3B,"LC3 (6), 20 (1), Bcl-2 (1), LC3b (1), Lc3b (1), Map1lc3b (1), mmu (1)","LC3 (3), GenBank (2), 20 (1), Accession (1), Gene (1), LC3B (1), Lc3 (1), Lc3b (1), Map1lc3b (1), TATA-binding (1)",0.87,1.3,15,18,"PMC10567954, PMC10991266, PMC11742184, PMC12089232, PMC3239374, PMC4558518, PMC5614680, PMC5655117, PMC6844315, PMC8140921, PMC8365606, PMC8870618, PMC8962562, PMC9320075, PMC9923816","PMC10567954, PMC10907497, PMC10991266, PMC11589977, PMC11742184, PMC12089232, PMC3239374, PMC3835737, PMC4558518, PMC5614680, PMC5655117, PMC5791971, PMC6844315, PMC8140921, PMC8365606, PMC8962562, PMC9320075, PMC9923816",62.6,62.79,60.0,54.5,193,220,15,18,87.0,135.0,106.0,156.0,forward,reverse_complement,4,4,5,"PMC10567954,PMC10991266,PMC11742184,PMC12089232,PMC3239374,PMC4558518,PMC5614680,PMC5655117,PMC6844315,PMC8140921,PMC8365606,PMC8870618,PMC8962562,PMC9320075,PMC9923816",,"PMC10567954,PMC10907497,PMC10991266,PMC11589977,PMC11742184,PMC12089232,PMC3239374,PMC3835737,PMC4558518,PMC5614680,PMC5655117,PMC5791971,PMC6844315,PMC8140921,PMC8365606,PMC8962562,PMC9320075,PMC9923816",,14,15,18,0,0,"PMC10567954,PMC10991266,PMC11742184,PMC12089232,PMC3239374,PMC4558518,PMC5614680,PMC5655117,PMC6844315,PMC8140921,PMC8365606,PMC8962562,PMC9320075,PMC9923816",,,,,,,,,,,,,,,,,,,,,0.9551873527498058,0.6588888888888889,0.9366666666666674,86.2593676374903
CATGCCGTCCGAGAAGACCT,CCAGGAGGAAGAAGGCTTGG,MAP1LC3B,MAP1LC3B,"LC3 (6), 20 (1), Bcl-2 (1), LC3b (1), Lc3b (1), Map1lc3b (1), mmu (1)","LC3 (4), CTC-3 (1), LC3II (1), LC3b (1), MAP1LC3B (1), Map1lc3b (1)",0.87,0.22,15,11,"PMC10567954, PMC10991266, PMC11742184, PMC12089232, PMC3239374, PMC4558518, PMC5614680, PMC5655117, PMC6844315, PMC8140921, PMC8365606, PMC8870618, PMC8962562, PMC9320075, PMC9923816","PMC11938607, PMC5247474, PMC5639395, PMC6248272, PMC6586845, PMC6617669, PMC8152413, PMC8308346, PMC8470434, PMC9220220, PMC9577180",62.6,60.7,60.0,60.0,193,318,15,11,87.0,315.0,106.0,334.0,forward,reverse_complement,4,3,3,"PMC10567954,PMC10991266,PMC11742184,PMC12089232,PMC3239374,PMC4558518,PMC5614680,PMC5655117,PMC6844315,PMC8140921,PMC8365606,PMC8870618,PMC8962562,PMC9320075,PMC9923816",,"PMC11938607,PMC5639395,PMC6248272,PMC6586845,PMC6617669,PMC8470434,PMC9220220,PMC9577180","PMC5247474,PMC8152413,PMC8308346",0,15,8,0,3,,,,,,,,,,,,,,,,,,,,,,0.480643112832403,0.7333333333333332,0.36666666666666714,53.36548897495349
CATGCCGTCCGAGAAGACCT,GTTAGCATTGAGCTGCAAGCG,MAP1LC3B,MAP1LC3B,"LC3 (6), 20 (1), Bcl-2 (1), LC3b (1), Lc3b (1), Map1lc3b (1), mmu (1)","LC3 (3), LC3B (1), Lc3b (1), MAP1 (1), MAPLC3 (1), Map1lc3b (1)",0.87,1.1,15,8,"PMC10567954, PMC10991266, PMC11742184, PMC12089232, PMC3239374, PMC4558518, PMC5614680, PMC5655117, PMC6844315, PMC8140921, PMC8365606, PMC8870618, PMC8962562, PMC9320075, PMC9923816","PMC11367457, PMC4346695, PMC5863351, PMC6608561, PMC6712653, PMC7287307, PMC9120058, PMC9780783",62.6,61.43,60.0,52.4,193,61,15,8,87.0,295.0,106.0,315.0,forward,reverse_complement,4,4,4,"PMC10567954,PMC10991266,PMC11742184,PMC12089232,PMC3239374,PMC4558518,PMC5614680,PMC5655117,PMC6844315,PMC8140921,PMC8365606,PMC8870618,PMC8962562,PMC9320075,PMC9923816",,,"PMC11367457,PMC4346695,PMC5863351,PMC6608561,PMC6712653,PMC7287307,PMC9120058,PMC9780783",0,15,0,0,8,,,,,,,,,,,,,,,,,,,,,,0.35005087403680035,0.7344444444444445,0.6099999999999994,51.73587703517334
CCTTCTTCCTCCTGGTGAATGG,ATTGCTGTCCCGAATGTCTC,MAP1LC3B,MAP1LC3B,"MAP1LC3B (2), ATG3 (1), Gene (1), LC3 (1), LC3-II (1), Map1lc3b (1), Mouse-LC3 (1), m-LC3B-R (1), mmu-LC3b (1)","Map1lc3b (7), LC3b (4), LC3 (3), GACCAAGT-3 (1), GAPDH (1), MLP3B (1), Mapllc3b (1), Mouse (1), Mouse- (1), SQSTM1 (1)",0.084,14.0,14,27,"PMC10496234, PMC10557066, PMC10713401, PMC10941580, PMC11436898, PMC11437326, PMC11874185, PMC11954813, PMC11981772, PMC11983871, PMC6396375, PMC8520723, PMC9159907, PMC9298657","PMC10154226, PMC10791753, PMC11350138, PMC11506285, PMC11547205, PMC11929195, PMC11948944, PMC4309855, PMC5007678, PMC5377410, PMC5884778, PMC6064777, PMC6113230, PMC6162787, PMC6197260, PMC6231358, PMC6551802, PMC6742653, PMC6822259, PMC6830914, PMC6993373, PMC8047443, PMC9035725, PMC9124392, PMC9686841",61.03,58.62,54.5,50.0,64,427,14,25,320.0,436.0,341.0,455.0,forward,reverse_complement,3,3,3,,"PMC10496234,PMC10557066,PMC10713401,PMC10941580,PMC11436898,PMC11437326,PMC11874185,PMC11954813,PMC11981772,PMC11983871,PMC6396375,PMC8520723,PMC9159907,PMC9298657","PMC10154226,PMC10791753,PMC11350138,PMC11547205,PMC11929195,PMC11948944,PMC4309855,PMC5007678,PMC5377410,PMC5884778,PMC6064777,PMC6113230,PMC6162787,PMC6197260,PMC6231358,PMC6551802,PMC6742653,PMC6822259,PMC6830914,PMC6993373,PMC8047443,PMC9035725,PMC9124392,PMC9686841",PMC11506285,0,0,24,14,1,,,,,,,,,,,,,,,,,,,,,,0.41429356085898617,0.8661111111111108,0.19666666666666544,50.631344709615945
CCTTCTTCCTCCTGGTGAATGG,ACTTCGGAGATGGGAGTGGA,MAP1LC3B,MAP1LC3B,"MAP1LC3B (2), ATG3 (1), Gene (1), LC3 (1), LC3-II (1), Map1lc3b (1), Mouse-LC3 (1), m-LC3B-R (1), mmu-LC3b (1)","LC3B (4), LC3 (2), LC3-II (1), Lc3b-Fw (1), Map1lc3b (1), Related (1)",0.084,3.5,14,16,"PMC10496234, PMC10557066, PMC10713401, PMC10941580, PMC11436898, PMC11437326, PMC11874185, PMC11954813, PMC11981772, PMC11983871, PMC6396375, PMC8520723, PMC9159907, PMC9298657","PMC10186856, PMC11372845, PMC11492116, PMC3467208, PMC4056358, PMC4420774, PMC5475394, PMC5494548, PMC6713420, PMC7365531, PMC8233147, PMC8686076, PMC8869866, PMC9122381, PMC9409018, PMC9454743",61.03,60.63,54.5,55.0,64,217,14,16,320.0,361.0,341.0,380.0,forward,reverse_complement,3,3,4,,"PMC10496234,PMC10557066,PMC10713401,PMC10941580,PMC11436898,PMC11437326,PMC11874185,PMC11954813,PMC11981772,PMC11983871,PMC6396375,PMC8520723,PMC9159907,PMC9298657","PMC10186856,PMC11372845,PMC11492116,PMC3467208,PMC4056358,PMC4420774,PMC5475394,PMC5494548,PMC7365531,PMC8233147,PMC8686076,PMC9122381","PMC6713420,PMC8869866,PMC9409018,PMC9454743",0,0,12,14,4,,,,,,,,,,,,,,,,,,,,,,0.36178389493302543,0.9077777777777776,0.8666666666666671,62.655861413317936
