f_sequence,r_sequence,f_author_gene_list,r_author_gene_list,f_evalue,r_evalue,f_Occurrence_Count,r_Occurrence_Count,f_pmcid_list,r_pmcid_list,f_Citation_Count,r_Citation_Count,f_gene1,r_gene1,f_start,r_start,f_end,r_end,f_orientation,r_orientation,f_gene,r_gene,f_Tm_C,r_Tm_C,f_GC_pct,r_GC_pct,f_pmcid_count,r_pmcid_count,f_self_comp,r_self_comp,pair_comp,f_cross_specificity_0,f_cross_specificity_0_seq,r_cross_specificity_0,r_cross_specificity_0_seq,f_cross_specificity_1,f_cross_specificity_1_seq,r_cross_specificity_1,r_cross_specificity_1_seq,f_cross_specificity_2,f_cross_specificity_2_seq,r_cross_specificity_2,r_cross_specificity_2_seq,f_cross_specificity_3,f_cross_specificity_3_seq,r_cross_specificity_3,r_cross_specificity_3_seq,f_cross_specificity_4,f_cross_specificity_4_seq,r_cross_specificity_4,r_cross_specificity_4_seq,f_reg_pmcid_list,f_inv_pmcid_list,r_reg_pmcid_list,r_inv_pmcid_list,f_reg_pmcid_count,f_inv_pmcid_count,r_reg_pmcid_count,r_inv_pmcid_count,pair_shared_pmcid_list,pair_shared_pmcid_count,evidence_score,biophysics_score,synergy_score,pickr_score,percentile
AGAGGAGGAAGCAGTTACCAT,CTGTAGGAGAGAGTGGAGTGG,"PCNA (2) (1), Pcna (2) (1)",Unknown (0) (1),0.28,0.28,5,3," PMC7677382, PMC9011099,PMC5599650"," PMC7677382, PMC9011099,PMC5599650",14.0,0.0,NM_001291925.1,NM_001291925.1,611.0,694.0,631.0,714.0,forward,reverse_complement,PCNA,PCNA,58.84,59.29,47.6,57.1,3,3,2,2,3,,,,,,,,,,,,,,,,,,,,,"PMC5599650,PMC7677382,PMC9011099",,"PMC5599650,PMC7677382,PMC9011099",,3,0,3,0,"PMC5599650,PMC7677382,PMC9011099",3,0.45020141104093925,0.8544444444444446,0.8500000000000014,65.14340388538032,74.35933203854124
GAACCTCACCAGCATGTCCA,TAGTGCCAAGGTGTCTGCAT,"BAX (1) (1), PCNA (8) (1), PCNA-F (1) (1), PCNA-R (1) (1), Pcna (2) (1), Proliferating (1) (1), TGF- (1) (1), Tumor (1) (1)","PCNA (4) (1), qRT-PCR-PCNA (1) (1)",0.87,0.87,18,5," PMC10613572, PMC10727591, PMC10761579, PMC11007997, PMC11241647, PMC11447032, PMC11470057, PMC12020305, PMC12032006, PMC4755000, PMC6222405, PMC7300349, PMC9218472, PMC9866016, PMC9871328,PMC10218945"," PMC11137989, PMC6852085, PMC6912588, PMC7477927,PMC10889522",0.0,0.0,NM_001291925.1,NM_001291925.1,251.0,325.0,270.0,344.0,forward,reverse_complement,PCNA,PCNA,60.62,59.97,55.0,50.0,16,5,4,4,4,,,,,,,,,,,,,,,,,,,,,"PMC10218945,PMC10613572,PMC10727591,PMC10761579,PMC11007997,PMC11241647,PMC11447032,PMC12020305,PMC6222405,PMC7300349,PMC9866016,PMC9871328","PMC11470057,PMC12032006,PMC4755000,PMC9218472",PMC6852085,"PMC10889522,PMC11137989,PMC6912588,PMC7477927",12,4,1,4,,0,0.325759586205353,0.963888888888889,0.7833333333333338,60.871312643600994,65.14657571371065
CAGAAGGCATCTTTACTACACAGC,GGAGAGAGTGGAGTGGCTTTT,NM_002592.2 (2) (1),"Gene (1) (1), PCNA (5) (1)",2.58e-05,0.018,5,6,PMC6035181," PMC10662523, PMC11331365, PMC11680163, PMC3942939, PMC9772438,PMC10040565",36.0,0.0,NM_001291925.1,NM_001291925.1,442.0,689.0,465.0,709.0,forward,reverse_complement,PCNA,PCNA,60.33,60.32,45.8,52.4,1,6,3,2,3,,,,,,,,,,,,,,,,,,,,,PMC6035181,,"PMC10040565,PMC10662523,PMC11331365,PMC11680163,PMC3942939,PMC9772438",,1,0,6,0,,0,0.22601920602481765,0.9638888888888889,0.9966666666666674,60.1509603012409,63.4789712544711
GGCATATACGTGCAAATTCACCA,GGAGAGAGTGGAGTGGCTTTT,"PCNA (1) (1), RAD51 (1) (1)","Gene (1) (1), PCNA (5) (1)",8.72e-05,0.018,3,6," PMC5454985, PMC9626489,PMC5241669"," PMC10662523, PMC11331365, PMC11680163, PMC3942939, PMC9772438,PMC10040565",0.0,0.0,NM_001291925.1,NM_001291925.1,464.0,689.0,486.0,709.0,forward,reverse_complement,PCNA,PCNA,60.59,60.32,43.5,52.4,3,6,4,2,3,,,,,,,,,,,,,,,,,,,,,"PMC5241669,PMC5454985,PMC9626489",,"PMC10040565,PMC10662523,PMC11331365,PMC11680163,PMC3942939,PMC9772438",,3,0,6,0,,0,0.28538304539671167,0.9077777777777776,0.9099999999999989,59.70248560316889,62.4274941231803
TCTCGGCATATACGTGCAAA,GAACTGGTTCATTCATCTCTATGG,"PCNA (2) (1), hPCNA (1) (1)","EA.hy926 (1) (1), GAPDH (1) (1), Gene (1) (1), PCNA (8) (1)",0.004,2.58e-05,5,16," PMC4982607, PMC5924883, PMC6390010, PMC7185205,PMC11009454"," PMC10605502, PMC2685399, PMC4568971, PMC5025197, PMC5768337, PMC7451920, PMC7564141, PMC7696165, PMC8301966, PMC9828698, PMC9855129, PMC9885708,PMC10049485,PMC5768337,PMC7605435",0.0,62.0,NM_001291925.1,NM_001291925.1,471.0,628.0,490.0,651.0,forward,reverse_complement,PCNA,PCNA,58.06,57.8,45.0,41.7,5,15,4,4,4,,,,,,,,,,,,,,,,,,,,,"PMC11009454,PMC4982607,PMC5924883,PMC6390010,PMC7185205",,"PMC10049485,PMC10605502,PMC2685399,PMC4568971,PMC5025197,PMC5768337,PMC7451920,PMC7564141,PMC7605435,PMC7696165,PMC8301966,PMC9828698,PMC9855129,PMC9885708",,5,0,14,0,,0,0.3853813244364476,0.7283333333333333,0.9133333333333317,59.38573288848901,61.67919305292101
GAACCTCACCAGCATGTCCA,GCTGTGTAGTAAAGATGCCTTCTG,"BAX (1) (1), PCNA (8) (1), PCNA-F (1) (1), PCNA-R (1) (1), Pcna (2) (1), Proliferating (1) (1), TGF- (1) (1), Tumor (1) (1)",NM_002592.2 (2) (1),0.87,2.58e-05,18,5," PMC10613572, PMC10727591, PMC10761579, PMC11007997, PMC11241647, PMC11447032, PMC11470057, PMC12020305, PMC12032006, PMC4755000, PMC6222405, PMC7300349, PMC9218472, PMC9866016, PMC9871328,PMC10218945",PMC6035181,0.0,36.0,NM_001291925.1,NM_001291925.1,251.0,442.0,270.0,465.0,forward,reverse_complement,PCNA,PCNA,60.62,60.33,55.0,45.8,16,1,4,3,4,,,,,,,,,,,,,,,,,,,,,"PMC10218945,PMC10613572,PMC10727591,PMC10761579,PMC11007997,PMC11241647,PMC11447032,PMC12020305,PMC6222405,PMC7300349,PMC9866016,PMC9871328","PMC11470057,PMC12032006,PMC4755000,PMC9218472",,PMC6035181,12,4,0,1,,0,0.2525358795566906,0.9472222222222224,0.9033333333333337,59.11012731116788,61.02452296056359
AACCTCACCAGCATGTCCAA,TAGTGCCAAGGTGTCTGCAT,"Gene (1) (1), PCNA (5) (1), PCNA-R (1) (1), PCNA-Rat-R (1) (1), mPCNA-antisense (1) (1), ms-CyclinB1-R (1) (1)","PCNA (4) (1), qRT-PCR-PCNA (1) (1)",0.87,0.87,13,5," PMC11208526, PMC11369011, PMC11545261, PMC3982150, PMC4573859, PMC5919640, PMC6151843, PMC7815687, PMC9219514, PMC9834735,PMC10192376,PMC3982150"," PMC11137989, PMC6852085, PMC6912588, PMC7477927,PMC10889522",35.0,0.0,NM_001291925.1,NM_001291925.1,252.0,325.0,271.0,344.0,forward,reverse_complement,PCNA,PCNA,60.19,59.97,50.0,50.0,12,5,4,4,4,,,,,,,,,,,,,,,,,,,,,PMC7815687,"PMC10192376,PMC11208526,PMC11369011,PMC11545261,PMC3982150,PMC4573859,PMC5919640,PMC6151843,PMC9219514,PMC9834735",PMC6852085,"PMC10889522,PMC11137989,PMC6912588,PMC7477927",1,10,1,4,,0,0.2175282121161292,0.9877777777777779,0.9266666666666671,59.043077272473134,60.86477104296929
GAAGGCATCTTTACTACACAGC,GAACTGGTTCATTCATCTCTATGG,"PCNA (1) (1), PCNA-R (1) (1), VCP (1) (1)","EA.hy926 (1) (1), GAPDH (1) (1), Gene (1) (1), PCNA (8) (1)",0.000345,2.58e-05,3,16," PMC11253400, PMC8513237,PMC11145834"," PMC10605502, PMC2685399, PMC4568971, PMC5025197, PMC5768337, PMC7451920, PMC7564141, PMC7696165, PMC8301966, PMC9828698, PMC9855129, PMC9885708,PMC10049485,PMC5768337,PMC7605435",0.0,62.0,NM_001291925.1,NM_001291925.1,442.0,628.0,463.0,651.0,forward,reverse_complement,PCNA,PCNA,57.78,57.8,45.5,41.7,3,15,3,4,3,,,,,,,,,,,,,,,,,,,,,"PMC11145834,PMC11253400,PMC8513237",,"PMC10049485,PMC10605502,PMC2685399,PMC4568971,PMC5025197,PMC5768337,PMC7451920,PMC7564141,PMC7605435,PMC7696165,PMC8301966,PMC9828698,PMC9855129,PMC9885708",,3,0,14,0,,0,0.35065570450505545,0.7127777777777777,0.9933333333333346,58.782785225252795,60.24288973667894
ATGGTGGTGGAATCACAACGA,TGGACATGCTGGTGAGGTTC,PCNA (2) (1),"BAX (1) (1), PCNA (8) (1), PCNA-F (1) (1), PCNA-R (1) (1), Pcna (2) (1), Proliferating (1) (1), TGF- (1) (1), Tumor (1) (1)",4.3,0.87,3,18," PMC8236063,PMC10706290"," PMC10613572, PMC10727591, PMC10761579, PMC11007997, PMC11241647, PMC11447032, PMC11470057, PMC12020305, PMC12032006, PMC4755000, PMC6222405, PMC7300349, PMC9218472, PMC9866016, PMC9871328,PMC10218945",0.0,0.0,NM_001291925.1,NM_001291925.1,23.0,251.0,43.0,270.0,forward,reverse_complement,PCNA,PCNA,60.59,60.62,47.6,55.0,2,16,3,4,4,,,,,,,,,,,,,,,,,,,,,,"PMC10706290,PMC8236063","PMC11470057,PMC12032006,PMC4755000,PMC9218472","PMC10218945,PMC10613572,PMC10727591,PMC10761579,PMC11007997,PMC11241647,PMC11447032,PMC12020305,PMC6222405,PMC7300349,PMC9866016,PMC9871328",0,2,4,12,,0,0.2172239067122963,0.9327777777777777,0.990000000000002,58.64452866894818,59.91149893833973
ATGGTGGTGGAATCACAACGA,TTGGACATGCTGGTGAGGTT,PCNA (2) (1),"Gene (1) (1), PCNA (5) (1), PCNA-R (1) (1), PCNA-Rat-R (1) (1), mPCNA-antisense (1) (1), ms-CyclinB1-R (1) (1)",4.3,0.87,3,13," PMC8236063,PMC10706290"," PMC11208526, PMC11369011, PMC11545261, PMC3982150, PMC4573859, PMC5919640, PMC6151843, PMC7815687, PMC9219514, PMC9834735,PMC10192376,PMC3982150",0.0,35.0,NM_001291925.1,NM_001291925.1,23.0,252.0,43.0,271.0,forward,reverse_complement,PCNA,PCNA,60.59,60.19,47.6,50.0,2,12,3,4,4,,,,,,,,,,,,,,,,,,,,,,"PMC10706290,PMC8236063","PMC10192376,PMC11208526,PMC11369011,PMC11545261,PMC3982150,PMC4573859,PMC5919640,PMC6151843,PMC9219514,PMC9834735",PMC7815687,0,2,10,1,,0,0.24589288826818895,0.9566666666666666,0.8666666666666648,58.32797774674275,59.15009508811865
CAGAAGGCATCTTTACTACACAGC,TTGCACTGAGGTACCTGAACTT,NM_002592.2 (2) (1),"PCNA (3) (1), Proliferating (1) (1)",2.58e-05,0.000345,5,4,PMC6035181," PMC4068132, PMC4674169, PMC6200078,PMC2194763",36.0,0.0,NM_001291925.1,NM_001291925.1,442.0,661.0,465.0,682.0,forward,reverse_complement,PCNA,PCNA,60.33,60.23,45.8,45.5,1,4,3,8,3,,,,,,,,,,,,,,,,,,,,,PMC6035181,,"PMC2194763,PMC4068132,PMC4674169,PMC6200078",,1,0,4,0,,0,0.19720240582987525,0.9688888888888891,0.9666666666666662,58.26012029149376,58.98641556339484
CTCGAACATGGTGGTGGAATC,TTGGACATGCTGGTGAGGTT,"Pig-PCNA (1) (1), Proliferating (2) (1)","Gene (1) (1), PCNA (5) (1), PCNA-R (1) (1), PCNA-Rat-R (1) (1), mPCNA-antisense (1) (1), ms-CyclinB1-R (1) (1)",1.1,0.87,3,13," PMC6262443,PMC11998530"," PMC11208526, PMC11369011, PMC11545261, PMC3982150, PMC4573859, PMC5919640, PMC6151843, PMC7815687, PMC9219514, PMC9834735,PMC10192376,PMC3982150",0.0,35.0,NM_001291925.1,NM_001291925.1,30.0,252.0,50.0,271.0,forward,reverse_complement,PCNA,PCNA,59.64,60.19,52.4,50.0,2,12,4,4,4,,,,,,,,,,,,,,,,,,,,,,"PMC11998530,PMC6262443","PMC10192376,PMC11208526,PMC11369011,PMC11545261,PMC3982150,PMC4573859,PMC5919640,PMC6151843,PMC9219514,PMC9834735",PMC7815687,0,2,10,1,,0,0.24589288826818895,0.9694444444444446,0.8166666666666677,57.711311080076136,57.6571099514697
AACCTGCAGAGCATGGACTC,TGAACCTCACCAGCATGTCC,"PCNA (4) (1), Pcna (1) (1)","Gene (1) (1), PCNA-P1-R (1) (1), Pcna (1) (1)",0.004,0.87,5,4," PMC10136946, PMC10652604, PMC12038528, PMC7817677,PMC10031217"," PMC8664531, PMC8896560, PMC9995136,PMC7113193",0.0,0.0,NM_001291925.1,NM_001291925.1,147.0,250.0,166.0,269.0,forward,reverse_complement,PCNA,PCNA,60.69,60.62,55.0,55.0,5,4,6,4,4,,,,,,,,,,,,,,,,,,,,,"PMC10031217,PMC10136946,PMC12038528,PMC7817677",PMC10652604,,"PMC7113193,PMC8664531,PMC8896560,PMC9995136",4,1,0,4,,0,0.1990856329472859,0.9272222222222226,0.9766666666666666,57.304281647364306,56.665468347767515
TCTCGGCATATACGTGCAAA,CCTGTGCAAAAGATGGAGTG,"PCNA (2) (1), hPCNA (1) (1)",PCNA (8) (1),0.004,0.87,5,8," PMC4982607, PMC5924883, PMC6390010, PMC7185205,PMC11009454"," PMC10071278, PMC10662523, PMC3942939, PMC4685221, PMC7077850, PMC7998564, PMC9772438,PMC10040565",0.0,0.0,NM_001291925.1,NM_001291925.1,471.0,523.0,490.0,542.0,forward,reverse_complement,PCNA,PCNA,58.06,57.64,45.0,50.0,5,8,4,4,4,,,,,,,,,,,,,,,,,,,,,"PMC11009454,PMC4982607,PMC5924883,PMC6390010,PMC7185205",,"PMC10040565,PMC10071278,PMC10662523,PMC3942939,PMC4685221,PMC7077850,PMC7998564,PMC9772438",,5,0,8,0,,0,0.3416322172817525,0.7611111111111112,0.8599999999999994,57.11494419742095,56.202713787541235
AGTAAAGATGCCTTCTGGTGAA,GAACTGGTTCATTCATCTCTATGG,"JAK2-F (2) (1), PCNA (2) (1)","EA.hy926 (1) (1), GAPDH (1) (1), Gene (1) (1), PCNA (8) (1)",0.000345,2.58e-05,5,16," PMC11012485, PMC11641368, PMC3358558, PMC7459748,PMC10685499"," PMC10605502, PMC2685399, PMC4568971, PMC5025197, PMC5768337, PMC7451920, PMC7564141, PMC7696165, PMC8301966, PMC9828698, PMC9855129, PMC9885708,PMC10049485,PMC5768337,PMC7605435",0.0,62.0,NM_001291925.1,NM_001291925.1,449.0,628.0,470.0,651.0,forward,reverse_complement,PCNA,PCNA,58.03,57.8,40.9,41.7,5,15,3,4,5,,,,,,,,,,,,,,,,,,,,,"PMC10685499,PMC7459748","PMC11012485,PMC11641368,PMC3358558","PMC10049485,PMC10605502,PMC2685399,PMC4568971,PMC5025197,PMC5768337,PMC7451920,PMC7564141,PMC7605435,PMC7696165,PMC8301966,PMC9828698,PMC9855129,PMC9885708",,2,3,14,0,,0,0.34971108467082174,0.6849999999999999,0.923333333333332,56.50222090020773,54.699668693496626
GGACATGCTGGTGAGGTTCA,TAGTGCCAAGGTGTCTGCAT,"Gene (1) (1), PCNA-P1-R (1) (1), Pcna (1) (1)","PCNA (4) (1), qRT-PCR-PCNA (1) (1)",0.87,0.87,4,5," PMC8664531, PMC8896560, PMC9995136,PMC7113193"," PMC11137989, PMC6852085, PMC6912588, PMC7477927,PMC10889522",0.0,0.0,NM_001291925.1,NM_001291925.1,250.0,325.0,269.0,344.0,forward,reverse_complement,PCNA,PCNA,60.62,59.97,55.0,50.0,4,5,4,4,4,,,,,,,,,,,,,,,,,,,,,"PMC7113193,PMC8664531,PMC8896560,PMC9995136",,PMC6852085,"PMC10889522,PMC11137989,PMC6912588,PMC7477927",4,0,1,4,,0,0.2347558727129118,0.963888888888889,0.7833333333333338,56.32112696897893,54.254043208025315
AAGTTCAGGTACCTCAGTGCAA,GCATCACCGAAGCAGTTCTC,"PCNA (3) (1), Proliferating (1) (1)","PCNA (1) (1), pPCNA (1) (1)",0.000345,14.0,4,3," PMC4068132, PMC4674169, PMC6200078,PMC2194763"," PMC9253665, PMC9851881,PMC11645449",0.0,0.0,NM_001291925.1,NM_001291925.1,661.0,866.0,682.0,885.0,forward,reverse_complement,PCNA,PCNA,60.23,59.91,45.5,55.0,4,3,8,3,3,,,,,,,,,,,,,,,,,,,,,,"PMC2194763,PMC4068132,PMC4674169,PMC6200078","PMC11645449,PMC9253665,PMC9851881",,0,4,3,0,,0,0.17374251333859414,0.9822222222222222,0.8933333333333332,56.02045900026303,53.51302136277772
AAAAGCCACTCCACTCTCTCC,GCATCACCGAAGCAGTTCTC,"Gene (1) (1), PCNA (5) (1)","PCNA (1) (1), pPCNA (1) (1)",0.018,14.0,6,3," PMC10662523, PMC11331365, PMC11680163, PMC3942939, PMC9772438,PMC10040565"," PMC9253665, PMC9851881,PMC11645449",0.0,0.0,NM_001291925.1,NM_001291925.1,689.0,866.0,709.0,885.0,forward,reverse_complement,PCNA,PCNA,60.32,59.91,52.4,55.0,6,3,2,3,3,,,,,,,,,,,,,,,,,,,,,,"PMC10040565,PMC10662523,PMC11331365,PMC11680163,PMC3942939,PMC9772438","PMC11645449,PMC9253665,PMC9851881",,0,6,3,0,,0,0.18524402221970693,0.977222222222222,0.8633333333333321,55.845534444318645,53.081326884895304
GGACATGCTGGTGAGGTTCA,TGGTGAATTTGCACGTATATGCC,"Gene (1) (1), PCNA-P1-R (1) (1), Pcna (1) (1)","PCNA (1) (1), RAD51 (1) (1)",0.87,8.72e-05,4,3," PMC8664531, PMC8896560, PMC9995136,PMC7113193"," PMC5454985, PMC9626489,PMC5241669",0.0,0.0,NM_001291925.1,NM_001291925.1,250.0,464.0,269.0,486.0,forward,reverse_complement,PCNA,PCNA,60.62,60.59,55.0,43.5,4,3,4,4,4,,,,,,,,,,,,,,,,,,,,,"PMC7113193,PMC8664531,PMC8896560,PMC9995136",,,"PMC5241669,PMC5454985,PMC9626489",4,0,0,3,,0,0.18522576567051752,0.8911111111111112,0.990000000000002,55.79462161685925,52.95560928614776
ATGCAGACACCTTGGCACTA,CTGAGATCTCGGCATATACGTG,"PCNA (4) (1), qRT-PCR-PCNA (1) (1)","Gene (1) (1), PCNA (4) (1)",0.87,0.000345,5,5," PMC11137989, PMC6852085, PMC6912588, PMC7477927,PMC10889522"," PMC11525010, PMC11545576, PMC5058704, PMC8035022,PMC11434115",0.0,0.0,NM_001291925.1,NM_001291925.1,325.0,475.0,344.0,496.0,forward,reverse_complement,PCNA,PCNA,59.97,58.89,50.0,50.0,5,5,4,8,4,,,,,,,,,,,,,,,,,,,,,"PMC10889522,PMC11137989,PMC6912588,PMC7477927",PMC6852085,"PMC11434115,PMC11525010,PMC11545576,PMC5058704,PMC8035022",,4,1,5,0,,0,0.29752409702766,0.9366666666666665,0.6400000000000006,55.77620485138301,52.91012596775212
GAACCTCACCAGCATGTCCAA,TAGTGCCAAGGTGTCTGCAT,PCNA (3) (1),"PCNA (4) (1), qRT-PCR-PCNA (1) (1)",0.28,0.87,3,5," PMC11641368, PMC6852085,PMC11012485"," PMC11137989, PMC6852085, PMC6912588, PMC7477927,PMC10889522",0.0,0.0,NM_001291925.1,NM_001291925.1,251.0,325.0,271.0,344.0,forward,reverse_complement,PCNA,PCNA,61.21,59.97,52.4,50.0,3,5,4,4,4,,,,,,,,,,,,,,,,,,,,,"PMC11012485,PMC11641368,PMC6852085",,PMC6852085,"PMC10889522,PMC11137989,PMC6912588,PMC7477927",3,0,1,4,PMC6852085,1,0.3220180117754001,0.931111111111111,0.586666666666666,55.76756725543666,52.88879265168358
CACTCCATCTTTTGCACAGG,GAACTGGTTCATTCATCTCTATGG,PCNA (8) (1),"EA.hy926 (1) (1), GAPDH (1) (1), Gene (1) (1), PCNA (8) (1)",0.87,2.58e-05,8,16," PMC10071278, PMC10662523, PMC3942939, PMC4685221, PMC7077850, PMC7998564, PMC9772438,PMC10040565"," PMC10605502, PMC2685399, PMC4568971, PMC5025197, PMC5768337, PMC7451920, PMC7564141, PMC7696165, PMC8301966, PMC9828698, PMC9855129, PMC9885708,PMC10049485,PMC5768337,PMC7605435",0.0,62.0,NM_001291925.1,NM_001291925.1,523.0,628.0,542.0,651.0,forward,reverse_complement,PCNA,PCNA,57.64,57.8,50.0,41.7,8,15,4,4,4,,,,,,,,,,,,,,,,,,,,,,"PMC10040565,PMC10071278,PMC10662523,PMC3942939,PMC4685221,PMC7077850,PMC7998564,PMC9772438","PMC10049485,PMC10605502,PMC2685399,PMC4568971,PMC5025197,PMC5768337,PMC7451920,PMC7564141,PMC7605435,PMC7696165,PMC8301966,PMC9828698,PMC9855129,PMC9885708",,0,8,14,0,,0,0.3070349595273405,0.7049999999999998,0.9466666666666678,55.43508130970037,52.06703977163025
AACCTCACCAGCATGTCCAA,GCTGTGTAGTAAAGATGCCTTCTG,"Gene (1) (1), PCNA (5) (1), PCNA-R (1) (1), PCNA-Rat-R (1) (1), mPCNA-antisense (1) (1), ms-CyclinB1-R (1) (1)",NM_002592.2 (2) (1),0.87,2.58e-05,13,5," PMC11208526, PMC11369011, PMC11545261, PMC3982150, PMC4573859, PMC5919640, PMC6151843, PMC7815687, PMC9219514, PMC9834735,PMC10192376,PMC3982150",PMC6035181,35.0,36.0,NM_001291925.1,NM_001291925.1,252.0,442.0,271.0,465.0,forward,reverse_complement,PCNA,PCNA,60.19,60.33,50.0,45.8,12,1,4,3,4,,,,,,,,,,,,,,,,,,,,,PMC7815687,"PMC10192376,PMC11208526,PMC11369011,PMC11545261,PMC3982150,PMC4573859,PMC5919640,PMC6151843,PMC9219514,PMC9834735",,PMC6035181,1,10,0,1,,0,0.1443045054674668,0.9711111111111113,0.9533333333333331,55.415225273373345,52.01793345331386
ATGCAGACACCTTGGCACTA,GCTGTGTAGTAAAGATGCCTTCTG,"PCNA (4) (1), qRT-PCR-PCNA (1) (1)",NM_002592.2 (2) (1),0.87,2.58e-05,5,5," PMC11137989, PMC6852085, PMC6912588, PMC7477927,PMC10889522",PMC6035181,0.0,36.0,NM_001291925.1,NM_001291925.1,325.0,442.0,344.0,465.0,forward,reverse_complement,PCNA,PCNA,59.97,60.33,50.0,45.8,5,1,4,3,4,,,,,,,,,,,,,,,,,,,,,"PMC10889522,PMC11137989,PMC6912588,PMC7477927",PMC6852085,,PMC6035181,4,1,0,1,,0,0.16776439795874792,0.98,0.8800000000000002,55.3882198979374,51.951141075360475
CATTATCTTCTGCCCTTAGCGTA,CTGAGATCTCGGCATATACGTG,PCNA (6) (1),"Gene (1) (1), PCNA (4) (1)",0.33,0.000345,6,5," PMC11525010, PMC11545576, PMC5058704, PMC8035022, PMC8176212,PMC11434115"," PMC11525010, PMC11545576, PMC5058704, PMC8035022,PMC11434115",0.0,0.0,NM_001291925.1,NM_001291925.1,305.0,475.0,327.0,496.0,forward,reverse_complement,PCNA,PCNA,58.78,58.89,43.5,50.0,6,5,2,8,4,,,,,,,,,,,,,,,,,,,,,,"PMC11434115,PMC11525010,PMC11545576,PMC5058704,PMC8035022,PMC8176212","PMC11434115,PMC11525010,PMC11545576,PMC5058704,PMC8035022",,0,6,5,0,,0,0.2199696421510991,0.8288888888888889,0.9633333333333335,55.131815440888296,51.31672958699471
GAACCTCACCAGCATGTCCA,CTGAGATCTCGGCATATACGTG,"BAX (1) (1), PCNA (8) (1), PCNA-F (1) (1), PCNA-R (1) (1), Pcna (2) (1), Proliferating (1) (1), TGF- (1) (1), Tumor (1) (1)","Gene (1) (1), PCNA (4) (1)",0.87,0.000345,18,5," PMC10613572, PMC10727591, PMC10761579, PMC11007997, PMC11241647, PMC11447032, PMC11470057, PMC12020305, PMC12032006, PMC4755000, PMC6222405, PMC7300349, PMC9218472, PMC9866016, PMC9871328,PMC10218945"," PMC11525010, PMC11545576, PMC5058704, PMC8035022,PMC11434115",0.0,0.0,NM_001291925.1,NM_001291925.1,251.0,475.0,270.0,496.0,forward,reverse_complement,PCNA,PCNA,60.62,58.89,55.0,50.0,16,5,4,8,4,,,,,,,,,,,,,,,,,,,,,"PMC10218945,PMC10613572,PMC10727591,PMC10761579,PMC11007997,PMC11241647,PMC11447032,PMC12020305,PMC6222405,PMC7300349,PMC9866016,PMC9871328","PMC11470057,PMC12032006,PMC4755000,PMC9218472","PMC11434115,PMC11525010,PMC11545576,PMC5058704,PMC8035022",,12,4,5,0,,0,0.38229557862560265,0.903888888888889,0.42333333333333434,54.698112264613485,50.2429602025134
GGACATGCTGGTGAGGTTCA,GCTGTGTAGTAAAGATGCCTTCTG,"Gene (1) (1), PCNA-P1-R (1) (1), Pcna (1) (1)",NM_002592.2 (2) (1),0.87,2.58e-05,4,5," PMC8664531, PMC8896560, PMC9995136,PMC7113193",PMC6035181,0.0,36.0,NM_001291925.1,NM_001291925.1,250.0,442.0,269.0,465.0,forward,reverse_complement,PCNA,PCNA,60.62,60.33,55.0,45.8,4,1,4,3,3,,,,,,,,,,,,,,,,,,,,,"PMC7113193,PMC8664531,PMC8896560,PMC9995136",,,PMC6035181,4,0,0,1,,0,0.16153216606424936,0.9472222222222224,0.9033333333333337,54.559941636545815,49.90080100312023
TCTCGGCATATACGTGCAAA,CACTGAGGTACCTGAACTTCTT,"PCNA (2) (1), hPCNA (1) (1)","GAPDH (1) (1), MMP-2 (1) (1)",0.004,0.000345,5,5," PMC4982607, PMC5924883, PMC6390010, PMC7185205,PMC11009454"," PMC11082723, PMC7921704, PMC8220716, PMC8623686,PMC10475463",0.0,0.0,NM_001291925.1,NM_001291925.1,471.0,664.0,490.0,685.0,forward,reverse_complement,PCNA,PCNA,58.06,58.06,45.0,45.5,5,5,4,8,3,,,,,,,,,,,,,,,,,,,,,"PMC11009454,PMC4982607,PMC5924883,PMC6390010,PMC7185205",,,"PMC10475463,PMC11082723,PMC7921704,PMC8220716,PMC8623686",5,0,0,5,,0,0.21470036516448482,0.7844444444444446,1.0,54.26835159155758,49.17877574505097
AGTAAAGATGCCTTCTGGTGAA,CCTGTGCAAAAGATGGAGTG,"JAK2-F (2) (1), PCNA (2) (1)",PCNA (8) (1),0.000345,0.87,5,8," PMC11012485, PMC11641368, PMC3358558, PMC7459748,PMC10685499"," PMC10071278, PMC10662523, PMC3942939, PMC4685221, PMC7077850, PMC7998564, PMC9772438,PMC10040565",0.0,0.0,NM_001291925.1,NM_001291925.1,449.0,523.0,470.0,542.0,forward,reverse_complement,PCNA,PCNA,58.03,57.64,40.9,50.0,5,8,3,4,3,,,,,,,,,,,,,,,,,,,,,"PMC10685499,PMC7459748","PMC11012485,PMC11641368,PMC3358558","PMC10040565,PMC10071278,PMC10662523,PMC3942939,PMC4685221,PMC7077850,PMC7998564,PMC9772438",,2,3,8,0,,0,0.30596197751612664,0.7177777777777778,0.8699999999999998,54.23143220913966,49.08737151378302
ATGGTGGTGGAATCACAACGA,GAGTCCATGCTCTGCAGGTT,PCNA (2) (1),"PCNA (4) (1), Pcna (1) (1)",4.3,0.004,3,5," PMC8236063,PMC10706290"," PMC10136946, PMC10652604, PMC12038528, PMC7817677,PMC10031217",0.0,0.0,NM_001291925.1,NM_001291925.1,23.0,147.0,43.0,166.0,forward,reverse_complement,PCNA,PCNA,60.59,60.69,47.6,55.0,2,5,3,6,4,,,,,,,,,,,,,,,,,,,,,,"PMC10706290,PMC8236063",PMC10652604,"PMC10031217,PMC10136946,PMC12038528,PMC7817677",0,2,1,4,,0,0.13447077313796707,0.9288888888888889,0.9666666666666686,53.923538656898394,48.325327451897444
