f_sequence,r_sequence,f_gene,r_gene,f_author_gene_list,r_author_gene_list,f_evalue,r_evalue,f_Occurrence_Count,r_Occurrence_Count,f_pmcid_list,r_pmcid_list,f_Tm_C,r_Tm_C,f_GC_pct,r_GC_pct,f_total_citations,r_total_citations,f_pmcid_count,r_pmcid_count,f_match_start,r_match_start,f_match_end,r_match_end,f_orientation,r_orientation,f_self_comp,r_self_comp,pair_comp,f_reg_pmcid_list,f_inv_pmcid_list,r_reg_pmcid_list,r_inv_pmcid_list,pair_shared_pmcid_count,f_reg_pmcid_count,r_reg_pmcid_count,f_inv_pmcid_count,r_inv_pmcid_count,evidence_score,biophysics_score,synergy_score,pickr_score,pair_shared_pmcid_list
ACGCCTGGTTACTATCAAAAGG,CAGACCCATTTACTTGTGTTGGA,MKI67,MKI67,"Ki67 (12), Ki-67 (7), MKI67 (7), KI67 (3), KI-67 (2), Human-Ki67 (1), MKI67-F (1), RT-PCR (1), TTA (1), expression (1)","Ki-67 (4), Ki67 (4), MKI67 (4), Gene (2), PCNA (2), Accession (1), CDKN1A (1), FXOP1 (1), Genes (1), Human-Ki67 (1), KARS1 (1), KI-67 (1), MKI67-R (1), MYC (1), RSP23 (1), RT-PCR (1), The (1), UBE2C (1), expression (1)",0.000345,8.72e-05,43,46,"PMC10070612, PMC10093275, PMC10266052, PMC10377129, PMC10464143, PMC10496356, PMC10685490, PMC10687137, PMC10704951, PMC10798151, PMC10975051, PMC11040860, PMC11091054, PMC11310753, PMC11436658, PMC11531757, PMC11601877, PMC11923953, PMC11962575, PMC12003687, PMC5424114, PMC5777756, PMC5868599, PMC6063950, PMC6192997, PMC7202203, PMC7244040, PMC7533490, PMC7565743, PMC7593223, PMC7805020, PMC7826231, PMC7856785, PMC8314571, PMC8382950, PMC8662847, PMC9027050, PMC9052431, PMC9117423, PMC9346387, PMC9482502, PMC9747837, PMC9822924","PMC10070612, PMC10093275, PMC10266052, PMC10377129, PMC10464143, PMC10496356, PMC10685490, PMC10687137, PMC10704951, PMC10798151, PMC10975051, PMC11040860, PMC11091054, PMC11310753, PMC11436658, PMC11531757, PMC11601877, PMC11923953, PMC11962575, PMC12003687, PMC5424114, PMC5777756, PMC5868599, PMC6063950, PMC6145107, PMC6192997, PMC6219107, PMC6714140, PMC7202203, PMC7244040, PMC7533490, PMC7565743, PMC7565818, PMC7593223, PMC7805020, PMC7826231, PMC7856785, PMC8314571, PMC8382950, PMC8662847, PMC9027050, PMC9052431, PMC9117423, PMC9482502, PMC9747837, PMC9822924",59.05,59.53,45.5,43.5,320,404,43,46,429.0,615.0,450.0,637.0,forward,reverse_complement,3,3,3,"PMC10070612,PMC10093275,PMC10266052,PMC10377129,PMC10464143,PMC10496356,PMC10685490,PMC10687137,PMC10704951,PMC10798151,PMC10975051,PMC11040860,PMC11091054,PMC11310753,PMC11436658,PMC11531757,PMC11601877,PMC11923953,PMC11962575,PMC12003687,PMC5424114,PMC5777756,PMC5868599,PMC6063950,PMC6192997,PMC7202203,PMC7244040,PMC7533490,PMC7565743,PMC7593223,PMC7805020,PMC7826231,PMC7856785,PMC8314571,PMC8382950,PMC8662847,PMC9027050,PMC9052431,PMC9117423,PMC9346387,PMC9482502,PMC9747837,PMC9822924",,"PMC10070612,PMC10093275,PMC10266052,PMC10377129,PMC10464143,PMC10496356,PMC10685490,PMC10687137,PMC10704951,PMC10798151,PMC10975051,PMC11040860,PMC11091054,PMC11310753,PMC11436658,PMC11531757,PMC11601877,PMC11923953,PMC11962575,PMC12003687,PMC5424114,PMC5777756,PMC5868599,PMC6063950,PMC6145107,PMC6192997,PMC6219107,PMC6714140,PMC7202203,PMC7244040,PMC7533490,PMC7565743,PMC7565818,PMC7593223,PMC7805020,PMC7826231,PMC7856785,PMC8314571,PMC8382950,PMC8662847,PMC9027050,PMC9052431,PMC9117423,PMC9482502,PMC9747837,PMC9822924",,42,43,46,0,0,1.0,0.8238888888888887,0.8399999999999986,91.51666666666662,"PMC10070612,PMC10093275,PMC10266052,PMC10377129,PMC10464143,PMC10496356,PMC10685490,PMC10687137,PMC10704951,PMC10798151,PMC10975051,PMC11040860,PMC11091054,PMC11310753,PMC11436658,PMC11531757,PMC11601877,PMC11923953,PMC11962575,PMC12003687,PMC5424114,PMC5777756,PMC5868599,PMC6063950,PMC6192997,PMC7202203,PMC7244040,PMC7533490,PMC7565743,PMC7593223,PMC7805020,PMC7826231,PMC7856785,PMC8314571,PMC8382950,PMC8662847,PMC9027050,PMC9052431,PMC9117423,PMC9482502,PMC9747837,PMC9822924"
GAAAGAGTGGCAACCTGCCTTC,GCACCAAGTTTTACTACATCTGCC,MKI67,MKI67,"Ki-67 (7), MKI67 (7), Ki67 (4), KI67 (2), Human (1), Ki67-F (1), Sequence-based (1), h-Ki67 (1), human (1)","Ki-67 (6), MKI67 (6), Ki67 (2), NM_001145966.2 (2), 12 (1), Human (1), KI67 (1), Ki67-R (1), Sequence-based (1), The (1), h-Ki67 (1), human (1)",0.000345,2.58e-05,27,30,"PMC10121226, PMC10433880, PMC10444807, PMC10472524, PMC10613623, PMC10764533, PMC10789002, PMC11012380, PMC11077657, PMC11126659, PMC11131983, PMC11138392, PMC11296130, PMC11546498, PMC11554840, PMC11696371, PMC11938556, PMC12008087, PMC5421891, PMC5486031, PMC6604047, PMC7757084, PMC8350732, PMC8632963, PMC9279036, PMC9304326, PMC9604460","PMC10121226, PMC10433880, PMC10444807, PMC10472524, PMC10613623, PMC10764533, PMC10789002, PMC11012380, PMC11077657, PMC11126659, PMC11131983, PMC11138392, PMC11546498, PMC11554840, PMC11696371, PMC11938556, PMC11950821, PMC12008087, PMC5421891, PMC5486031, PMC6604047, PMC7349922, PMC7352212, PMC7757084, PMC8350732, PMC8632963, PMC9279036, PMC9304326, PMC9604460, PMC9994782",62.63,61.04,54.5,45.8,159,168,27,30,1190.0,1317.0,1211.0,1340.0,forward,reverse_complement,4,3,4,"PMC10121226,PMC10433880,PMC10444807,PMC10472524,PMC10613623,PMC10764533,PMC10789002,PMC11012380,PMC11077657,PMC11126659,PMC11131983,PMC11138392,PMC11296130,PMC11546498,PMC11554840,PMC11696371,PMC11938556,PMC12008087,PMC5421891,PMC5486031,PMC6604047,PMC7757084,PMC8350732,PMC8632963,PMC9279036,PMC9304326,PMC9604460",,"PMC10121226,PMC10433880,PMC10444807,PMC10472524,PMC10613623,PMC10764533,PMC10789002,PMC11012380,PMC11077657,PMC11126659,PMC11131983,PMC11138392,PMC11546498,PMC11554840,PMC11696371,PMC11938556,PMC11950821,PMC12008087,PMC5421891,PMC5486031,PMC6604047,PMC7349922,PMC7352212,PMC7757084,PMC8350732,PMC8632963,PMC9279036,PMC9304326,PMC9604460,PMC9994782",,26,27,30,0,0,1.0,0.8516666666666666,0.46999999999999886,84.94999999999997,"PMC10121226,PMC10433880,PMC10444807,PMC10472524,PMC10613623,PMC10764533,PMC10789002,PMC11012380,PMC11077657,PMC11126659,PMC11131983,PMC11138392,PMC11546498,PMC11554840,PMC11696371,PMC11938556,PMC12008087,PMC5421891,PMC5486031,PMC6604047,PMC7757084,PMC8350732,PMC8632963,PMC9279036,PMC9304326,PMC9604460"
GAAAGAGTGGCAACCTGCCTTC,AGTTTGCGTGGCCTGTACTAA,MKI67,MKI67,"Ki-67 (7), MKI67 (7), Ki67 (4), KI67 (2), Human (1), Ki67-F (1), Sequence-based (1), h-Ki67 (1), human (1)","MKI67 (6), Ki-67 (3), Ki67 (2), Human (1), Ki-67-reverse (1), Ki67-R (1), PCNA (1)",0.000345,0.001,27,19,"PMC10121226, PMC10433880, PMC10444807, PMC10472524, PMC10613623, PMC10764533, PMC10789002, PMC11012380, PMC11077657, PMC11126659, PMC11131983, PMC11138392, PMC11296130, PMC11546498, PMC11554840, PMC11696371, PMC11938556, PMC12008087, PMC5421891, PMC5486031, PMC6604047, PMC7757084, PMC8350732, PMC8632963, PMC9279036, PMC9304326, PMC9604460","PMC10843903, PMC10898300, PMC11533071, PMC11534074, PMC4676617, PMC4777600, PMC5920351, PMC6106894, PMC6163012, PMC6227976, PMC6280020, PMC7295620, PMC7322690, PMC7606795, PMC8241736, PMC8506560, PMC9245217, PMC9485709, PMC9855738",62.63,60.59,54.5,47.6,159,227,27,19,1190.0,1451.0,1211.0,1471.0,forward,reverse_complement,4,4,4,"PMC10121226,PMC10433880,PMC10444807,PMC10472524,PMC10613623,PMC10764533,PMC10789002,PMC11012380,PMC11077657,PMC11126659,PMC11131983,PMC11138392,PMC11296130,PMC11546498,PMC11554840,PMC11696371,PMC11938556,PMC12008087,PMC5421891,PMC5486031,PMC6604047,PMC7757084,PMC8350732,PMC8632963,PMC9279036,PMC9304326,PMC9604460",,"PMC10843903,PMC10898300,PMC11533071,PMC11534074,PMC4676617,PMC4777600,PMC5920351,PMC6106894,PMC6163012,PMC6227976,PMC6280020,PMC7295620,PMC7322690,PMC7606795,PMC8241736,PMC8506560,PMC9245217,PMC9485709,PMC9855738",,0,27,19,0,0,0.5972600057687785,0.8766666666666664,0.3200000000000003,62.56300028843892,
GAAAGAGTGGCAACCTGCCTTC,TTCCGAAGCACCACTTCTTCT,MKI67,MKI67,"Ki-67 (7), MKI67 (7), Ki67 (4), KI67 (2), Human (1), Ki67-F (1), Sequence-based (1), h-Ki67 (1), human (1)","MKI67 (9), Ki67 (5), Ki-67 (3), Human (1), Ki-67-forward (1), Ki67-F (1), hKi67 (1)",0.000345,0.001,27,21,"PMC10121226, PMC10433880, PMC10444807, PMC10472524, PMC10613623, PMC10764533, PMC10789002, PMC11012380, PMC11077657, PMC11126659, PMC11131983, PMC11138392, PMC11296130, PMC11546498, PMC11554840, PMC11696371, PMC11938556, PMC12008087, PMC5421891, PMC5486031, PMC6604047, PMC7757084, PMC8350732, PMC8632963, PMC9279036, PMC9304326, PMC9604460","PMC10843903, PMC10898300, PMC10975558, PMC11089038, PMC11533071, PMC11534074, PMC4676617, PMC6106894, PMC6163012, PMC6227976, PMC6280020, PMC7295620, PMC7322690, PMC7606795, PMC8241736, PMC8506560, PMC9245217, PMC9463201, PMC9855738, PMC9876776",62.63,60.25,54.5,47.6,159,181,27,20,1190.0,1270.0,1211.0,1290.0,forward,reverse_complement,4,4,5,"PMC10121226,PMC10433880,PMC10444807,PMC10472524,PMC10613623,PMC10764533,PMC10789002,PMC11012380,PMC11077657,PMC11126659,PMC11131983,PMC11138392,PMC11296130,PMC11546498,PMC11554840,PMC11696371,PMC11938556,PMC12008087,PMC5421891,PMC5486031,PMC6604047,PMC7757084,PMC8350732,PMC8632963,PMC9279036,PMC9304326,PMC9604460",,,"PMC10843903,PMC10898300,PMC10975558,PMC11089038,PMC11533071,PMC11534074,PMC4676617,PMC6106894,PMC6163012,PMC6227976,PMC6280020,PMC7295620,PMC7322690,PMC7606795,PMC8241736,PMC8506560,PMC9245217,PMC9463201,PMC9855738,PMC9876776",0,27,0,0,20,0.43694397857220824,0.8677777777777776,0.20666666666666578,52.01386559527705,
AGAAGAAGTGGTGCTTCGGAA,GCACCAAGTTTTACTACATCTGCC,MKI67,MKI67,"MKI67 (9), Ki67 (5), Ki-67 (3), Human (1), Ki-67-forward (1), Ki67-F (1), hKi67 (1)","Ki-67 (6), MKI67 (6), Ki67 (2), NM_001145966.2 (2), 12 (1), Human (1), KI67 (1), Ki67-R (1), Sequence-based (1), The (1), h-Ki67 (1), human (1)",0.001,2.58e-05,21,30,"PMC10843903, PMC10898300, PMC10975558, PMC11089038, PMC11533071, PMC11534074, PMC4676617, PMC6106894, PMC6163012, PMC6227976, PMC6280020, PMC7295620, PMC7322690, PMC7606795, PMC8241736, PMC8506560, PMC9245217, PMC9463201, PMC9855738, PMC9876776","PMC10121226, PMC10433880, PMC10444807, PMC10472524, PMC10613623, PMC10764533, PMC10789002, PMC11012380, PMC11077657, PMC11126659, PMC11131983, PMC11138392, PMC11546498, PMC11554840, PMC11696371, PMC11938556, PMC11950821, PMC12008087, PMC5421891, PMC5486031, PMC6604047, PMC7349922, PMC7352212, PMC7757084, PMC8350732, PMC8632963, PMC9279036, PMC9304326, PMC9604460, PMC9994782",60.25,61.04,47.6,45.8,181,168,20,30,1270.0,1317.0,1290.0,1340.0,forward,reverse_complement,4,3,6,"PMC10843903,PMC10898300,PMC10975558,PMC11089038,PMC11533071,PMC11534074,PMC4676617,PMC6106894,PMC6163012,PMC6227976,PMC6280020,PMC7295620,PMC7322690,PMC7606795,PMC8241736,PMC8506560,PMC9245217,PMC9463201,PMC9855738,PMC9876776",,"PMC10121226,PMC10433880,PMC10444807,PMC10472524,PMC10613623,PMC10764533,PMC10789002,PMC11012380,PMC11077657,PMC11126659,PMC11131983,PMC11138392,PMC11546498,PMC11554840,PMC11696371,PMC11938556,PMC11950821,PMC12008087,PMC5421891,PMC5486031,PMC6604047,PMC7349922,PMC7352212,PMC7757084,PMC8350732,PMC8632963,PMC9279036,PMC9304326,PMC9604460,PMC9994782",,0,20,30,0,0,0.0,0.0,0.0,0.0,
AGAAGAAGTGGTGCTTCGGAA,AGTTTGCGTGGCCTGTACTAA,MKI67,MKI67,"MKI67 (9), Ki67 (5), Ki-67 (3), Human (1), Ki-67-forward (1), Ki67-F (1), hKi67 (1)","MKI67 (6), Ki-67 (3), Ki67 (2), Human (1), Ki-67-reverse (1), Ki67-R (1), PCNA (1)",0.001,0.001,21,19,"PMC10843903, PMC10898300, PMC10975558, PMC11089038, PMC11533071, PMC11534074, PMC4676617, PMC6106894, PMC6163012, PMC6227976, PMC6280020, PMC7295620, PMC7322690, PMC7606795, PMC8241736, PMC8506560, PMC9245217, PMC9463201, PMC9855738, PMC9876776","PMC10843903, PMC10898300, PMC11533071, PMC11534074, PMC4676617, PMC4777600, PMC5920351, PMC6106894, PMC6163012, PMC6227976, PMC6280020, PMC7295620, PMC7322690, PMC7606795, PMC8241736, PMC8506560, PMC9245217, PMC9485709, PMC9855738",60.25,60.59,47.6,47.6,181,227,20,19,1270.0,1451.0,1290.0,1471.0,forward,reverse_complement,4,4,3,"PMC10843903,PMC10898300,PMC10975558,PMC11089038,PMC11533071,PMC11534074,PMC4676617,PMC6106894,PMC6163012,PMC6227976,PMC6280020,PMC7295620,PMC7322690,PMC7606795,PMC8241736,PMC8506560,PMC9245217,PMC9463201,PMC9855738,PMC9876776",,"PMC10843903,PMC10898300,PMC11533071,PMC11534074,PMC4676617,PMC4777600,PMC5920351,PMC6106894,PMC6163012,PMC6227976,PMC6280020,PMC7295620,PMC7322690,PMC7606795,PMC8241736,PMC8506560,PMC9245217,PMC9485709,PMC9855738",,16,20,19,0,0,1.0,0.9811111111111109,0.8866666666666655,97.16666666666664,"PMC10843903,PMC10898300,PMC11533071,PMC11534074,PMC4676617,PMC6106894,PMC6163012,PMC6227976,PMC6280020,PMC7295620,PMC7322690,PMC7606795,PMC8241736,PMC8506560,PMC9245217,PMC9855738"
AGAAGAAGTGGTGCTTCGGAA,TCTGTAGGGTCGAGCAGGC,MKI67,MKI67,"MKI67 (9), Ki67 (5), Ki-67 (3), Human (1), Ki-67-forward (1), Ki67-F (1), hKi67 (1)","Ki67 (6), Ki-67 (2), qPCR (2), H-MKI67-F (1), Human (1), KI67 (1), Ki67-forward (1), MKI67 (1), MKi-67 (1), Sequence-based (1)",0.001,0.011,21,21,"PMC10843903, PMC10898300, PMC10975558, PMC11089038, PMC11533071, PMC11534074, PMC4676617, PMC6106894, PMC6163012, PMC6227976, PMC6280020, PMC7295620, PMC7322690, PMC7606795, PMC8241736, PMC8506560, PMC9245217, PMC9463201, PMC9855738, PMC9876776","PMC11253693, PMC11335230, PMC11703735, PMC4207579, PMC4284642, PMC4848839, PMC5919708, PMC6028646, PMC6122525, PMC6388992, PMC6702356, PMC6888929, PMC7132901, PMC7170643, PMC7386908, PMC7560539, PMC7692053, PMC7908723, PMC8666367",60.25,61.71,47.6,63.2,181,295,20,19,1270.0,1521.0,1290.0,1539.0,forward,reverse_complement,4,4,4,"PMC10843903,PMC10898300,PMC10975558,PMC11089038,PMC11533071,PMC11534074,PMC4676617,PMC6106894,PMC6163012,PMC6227976,PMC6280020,PMC7295620,PMC7322690,PMC7606795,PMC8241736,PMC8506560,PMC9245217,PMC9463201,PMC9855738,PMC9876776",,,"PMC11253693,PMC11335230,PMC11703735,PMC4207579,PMC4284642,PMC4848839,PMC5919708,PMC6028646,PMC6122525,PMC6388992,PMC6702356,PMC6888929,PMC7132901,PMC7170643,PMC7386908,PMC7560539,PMC7692053,PMC7908723,PMC8666367",0,20,0,0,19,0.40782912101009183,0.8572222222222222,0.513333333333333,56.37478938383792,
GCCTGCTCGACCCTACAGA,GCTTGTCAACTGCGGTTGC,MKI67,MKI67,"Ki67 (6), Ki-67 (2), qPCR (2), H-MKI67-F (1), Human (1), KI67 (1), Ki67-forward (1), MKI67 (1), MKi-67 (1), Sequence-based (1)","Ki67-reverse (2), MKI67 (2), ACAG (1), C-3 (1), Gene (1), H-MKI67-R (1), Ki-67 (1), Sequence-based (1), The (1)",0.011,0.011,21,20,"PMC11253693, PMC11335230, PMC11703735, PMC4207579, PMC4284642, PMC4848839, PMC5919708, PMC6028646, PMC6122525, PMC6388992, PMC6702356, PMC6888929, PMC7132901, PMC7170643, PMC7386908, PMC7560539, PMC7692053, PMC7908723, PMC8666367","PMC11253693, PMC11335230, PMC11703735, PMC4207579, PMC4284642, PMC4848839, PMC5919708, PMC6028646, PMC6122525, PMC6388992, PMC6702356, PMC7132901, PMC7170643, PMC7386908, PMC7560539, PMC7692053, PMC8666367",61.71,61.29,63.2,57.9,295,280,19,17,1521.0,1629.0,1539.0,1647.0,forward,reverse_complement,4,4,3,"PMC11253693,PMC11335230,PMC11703735,PMC4207579,PMC4284642,PMC4848839,PMC5919708,PMC6028646,PMC6122525,PMC6388992,PMC6702356,PMC6888929,PMC7132901,PMC7170643,PMC7386908,PMC7560539,PMC7692053,PMC7908723,PMC8666367",,"PMC11253693,PMC11335230,PMC11703735,PMC4207579,PMC4284642,PMC4848839,PMC5919708,PMC6028646,PMC6122525,PMC6388992,PMC6702356,PMC7132901,PMC7170643,PMC7386908,PMC7560539,PMC7692053,PMC8666367",,17,19,17,0,0,0.9991253264000919,0.7855555555555557,0.8599999999999994,90.72293298667125,"PMC11253693,PMC11335230,PMC11703735,PMC4207579,PMC4284642,PMC4848839,PMC5919708,PMC6028646,PMC6122525,PMC6388992,PMC6702356,PMC7132901,PMC7170643,PMC7386908,PMC7560539,PMC7692053,PMC8666367"
TCCAACACAAGTAAATGGGTCTG,CAGGTCTTAGGTGCCCACCAAAGGA,MKI67,MKI67,"Ki-67 (4), Ki67 (4), MKI67 (4), Gene (2), PCNA (2), Accession (1), CDKN1A (1), FXOP1 (1), Genes (1), Human-Ki67 (1), KARS1 (1), KI-67 (1), MKI67-R (1), MYC (1), RSP23 (1), RT-PCR (1), The (1), UBE2C (1), expression (1)","Ki-67 (10), Ki67 (7), KI67 (3), Expression (1), KI-67 (1), Ki67-FW (1), MKI67 (1), NM-0024117.1 (1), Section (1), mKI67 (1)",8.72e-05,7.45e-06,46,30,"PMC10070612, PMC10093275, PMC10266052, PMC10377129, PMC10464143, PMC10496356, PMC10685490, PMC10687137, PMC10704951, PMC10798151, PMC10975051, PMC11040860, PMC11091054, PMC11310753, PMC11436658, PMC11531757, PMC11601877, PMC11923953, PMC11962575, PMC12003687, PMC5424114, PMC5777756, PMC5868599, PMC6063950, PMC6145107, PMC6192997, PMC6219107, PMC6714140, PMC7202203, PMC7244040, PMC7533490, PMC7565743, PMC7565818, PMC7593223, PMC7805020, PMC7826231, PMC7856785, PMC8314571, PMC8382950, PMC8662847, PMC9027050, PMC9052431, PMC9117423, PMC9482502, PMC9747837, PMC9822924","PMC10409582, PMC10852021, PMC11210105, PMC11307363, PMC11674905, PMC11805989, PMC12032359, PMC2996532, PMC3093543, PMC3534060, PMC4186597, PMC4732619, PMC4770768, PMC5684548, PMC5696239, PMC5716695, PMC6356444, PMC6495066, PMC6511623, PMC7887578, PMC7887644, PMC8221344, PMC8301309, PMC8464328, PMC9190464, PMC9314441",59.53,66.95,43.5,56.0,404,321,46,26,615.0,853.0,637.0,877.0,forward,reverse_complement,3,4,4,,"PMC10070612,PMC10093275,PMC10266052,PMC10377129,PMC10464143,PMC10496356,PMC10685490,PMC10687137,PMC10704951,PMC10798151,PMC10975051,PMC11040860,PMC11091054,PMC11310753,PMC11436658,PMC11531757,PMC11601877,PMC11923953,PMC11962575,PMC12003687,PMC5424114,PMC5777756,PMC5868599,PMC6063950,PMC6145107,PMC6192997,PMC6219107,PMC6714140,PMC7202203,PMC7244040,PMC7533490,PMC7565743,PMC7565818,PMC7593223,PMC7805020,PMC7826231,PMC7856785,PMC8314571,PMC8382950,PMC8662847,PMC9027050,PMC9052431,PMC9117423,PMC9482502,PMC9747837,PMC9822924",,"PMC10409582,PMC10852021,PMC11210105,PMC11307363,PMC11674905,PMC11805989,PMC12032359,PMC2996532,PMC3093543,PMC3534060,PMC4186597,PMC4732619,PMC4770768,PMC5684548,PMC5696239,PMC5716695,PMC6356444,PMC6495066,PMC6511623,PMC7887578,PMC7887644,PMC8221344,PMC8301309,PMC8464328,PMC9190464,PMC9314441",0,0,0,46,26,0.2873748292684708,0.6961111111111111,0.0,35.25207479675687,
GGCAGATGTAGTAAAACTTGGTGC,AGTTTGCGTGGCCTGTACTAA,MKI67,MKI67,"Ki-67 (6), MKI67 (6), Ki67 (2), NM_001145966.2 (2), 12 (1), Human (1), KI67 (1), Ki67-R (1), Sequence-based (1), The (1), h-Ki67 (1), human (1)","MKI67 (6), Ki-67 (3), Ki67 (2), Human (1), Ki-67-reverse (1), Ki67-R (1), PCNA (1)",2.58e-05,0.001,30,19,"PMC10121226, PMC10433880, PMC10444807, PMC10472524, PMC10613623, PMC10764533, PMC10789002, PMC11012380, PMC11077657, PMC11126659, PMC11131983, PMC11138392, PMC11546498, PMC11554840, PMC11696371, PMC11938556, PMC11950821, PMC12008087, PMC5421891, PMC5486031, PMC6604047, PMC7349922, PMC7352212, PMC7757084, PMC8350732, PMC8632963, PMC9279036, PMC9304326, PMC9604460, PMC9994782","PMC10843903, PMC10898300, PMC11533071, PMC11534074, PMC4676617, PMC4777600, PMC5920351, PMC6106894, PMC6163012, PMC6227976, PMC6280020, PMC7295620, PMC7322690, PMC7606795, PMC8241736, PMC8506560, PMC9245217, PMC9485709, PMC9855738",61.04,60.59,45.8,47.6,168,227,30,19,1317.0,1451.0,1340.0,1471.0,forward,reverse_complement,3,4,5,,"PMC10121226,PMC10433880,PMC10444807,PMC10472524,PMC10613623,PMC10764533,PMC10789002,PMC11012380,PMC11077657,PMC11126659,PMC11131983,PMC11138392,PMC11546498,PMC11554840,PMC11696371,PMC11938556,PMC11950821,PMC12008087,PMC5421891,PMC5486031,PMC6604047,PMC7349922,PMC7352212,PMC7757084,PMC8350732,PMC8632963,PMC9279036,PMC9304326,PMC9604460,PMC9994782","PMC10843903,PMC10898300,PMC11533071,PMC11534074,PMC4676617,PMC4777600,PMC5920351,PMC6106894,PMC6163012,PMC6227976,PMC6280020,PMC7295620,PMC7322690,PMC7606795,PMC8241736,PMC8506560,PMC9245217,PMC9485709,PMC9855738",,0,0,19,30,0,0.4208484437943501,0.9649999999999999,0.8500000000000014,66.99242218971753,
GGCAGATGTAGTAAAACTTGGTGC,TCTGTAGGGTCGAGCAGGC,MKI67,MKI67,"Ki-67 (6), MKI67 (6), Ki67 (2), NM_001145966.2 (2), 12 (1), Human (1), KI67 (1), Ki67-R (1), Sequence-based (1), The (1), h-Ki67 (1), human (1)","Ki67 (6), Ki-67 (2), qPCR (2), H-MKI67-F (1), Human (1), KI67 (1), Ki67-forward (1), MKI67 (1), MKi-67 (1), Sequence-based (1)",2.58e-05,0.011,30,21,"PMC10121226, PMC10433880, PMC10444807, PMC10472524, PMC10613623, PMC10764533, PMC10789002, PMC11012380, PMC11077657, PMC11126659, PMC11131983, PMC11138392, PMC11546498, PMC11554840, PMC11696371, PMC11938556, PMC11950821, PMC12008087, PMC5421891, PMC5486031, PMC6604047, PMC7349922, PMC7352212, PMC7757084, PMC8350732, PMC8632963, PMC9279036, PMC9304326, PMC9604460, PMC9994782","PMC11253693, PMC11335230, PMC11703735, PMC4207579, PMC4284642, PMC4848839, PMC5919708, PMC6028646, PMC6122525, PMC6388992, PMC6702356, PMC6888929, PMC7132901, PMC7170643, PMC7386908, PMC7560539, PMC7692053, PMC7908723, PMC8666367",61.04,61.71,45.8,63.2,168,295,30,19,1317.0,1521.0,1340.0,1539.0,forward,reverse_complement,3,4,4,,"PMC10121226,PMC10433880,PMC10444807,PMC10472524,PMC10613623,PMC10764533,PMC10789002,PMC11012380,PMC11077657,PMC11126659,PMC11131983,PMC11138392,PMC11546498,PMC11554840,PMC11696371,PMC11938556,PMC11950821,PMC12008087,PMC5421891,PMC5486031,PMC6604047,PMC7349922,PMC7352212,PMC7757084,PMC8350732,PMC8632963,PMC9279036,PMC9304326,PMC9604460,PMC9994782",,"PMC11253693,PMC11335230,PMC11703735,PMC4207579,PMC4284642,PMC4848839,PMC5919708,PMC6028646,PMC6122525,PMC6388992,PMC6702356,PMC6888929,PMC7132901,PMC7170643,PMC7386908,PMC7560539,PMC7692053,PMC7908723,PMC8666367",0,0,0,30,19,0.2585703265370586,0.8411111111111111,0.7766666666666661,53.69518299351959,
CGTCCCAGTGGAAGAGTTGT,CCTTTTGATAGTAACCAGGCGT,MKI67,MKI67,"MKI67 (10), Ki67 (4), KI67 (3), Gene (1), Ki-67 (1), MKi67 (1)","Ki67 (12), Ki-67 (7), MKI67 (7), KI67 (3), KI-67 (2), Human-Ki67 (1), MKI67-F (1), RT-PCR (1), TTA (1), expression (1)",0.004,0.000345,22,43,"PMC10349503, PMC10828502, PMC11341274, PMC11469184, PMC11546251, PMC11754605, PMC11898281, PMC5146815, PMC5995046, PMC6943151, PMC7151042, PMC7344272, PMC8396041, PMC8857011, PMC9202519, PMC9231172, PMC9340868, PMC9515651, PMC9667649, PMC9898646","PMC10070612, PMC10093275, PMC10266052, PMC10377129, PMC10464143, PMC10496356, PMC10685490, PMC10687137, PMC10704951, PMC10798151, PMC10975051, PMC11040860, PMC11091054, PMC11310753, PMC11436658, PMC11531757, PMC11601877, PMC11923953, PMC11962575, PMC12003687, PMC5424114, PMC5777756, PMC5868599, PMC6063950, PMC6192997, PMC7202203, PMC7244040, PMC7533490, PMC7565743, PMC7593223, PMC7805020, PMC7826231, PMC7856785, PMC8314571, PMC8382950, PMC8662847, PMC9027050, PMC9052431, PMC9117423, PMC9346387, PMC9482502, PMC9747837, PMC9822924",60.26,59.05,55.0,45.5,79,320,20,43,318.0,429.0,337.0,450.0,forward,reverse_complement,3,3,3,"PMC11341274,PMC11469184,PMC11546251,PMC5146815,PMC5995046,PMC6943151,PMC7151042,PMC7344272,PMC8396041,PMC8857011,PMC9202519,PMC9231172,PMC9340868,PMC9515651,PMC9667649","PMC10349503,PMC10828502,PMC11754605,PMC11898281,PMC9898646",,"PMC10070612,PMC10093275,PMC10266052,PMC10377129,PMC10464143,PMC10496356,PMC10685490,PMC10687137,PMC10704951,PMC10798151,PMC10975051,PMC11040860,PMC11091054,PMC11310753,PMC11436658,PMC11531757,PMC11601877,PMC11923953,PMC11962575,PMC12003687,PMC5424114,PMC5777756,PMC5868599,PMC6063950,PMC6192997,PMC7202203,PMC7244040,PMC7533490,PMC7565743,PMC7593223,PMC7805020,PMC7826231,PMC7856785,PMC8314571,PMC8382950,PMC8662847,PMC9027050,PMC9052431,PMC9117423,PMC9346387,PMC9482502,PMC9747837,PMC9822924",0,15,0,5,43,0.42480624464574435,0.9061111111111109,0.5966666666666665,60.35697889895387,
TTAGTACAGGCCACGCAAACT,TCTGTAGGGTCGAGCAGGC,MKI67,MKI67,"MKI67 (6), Ki-67 (3), Ki67 (2), Human (1), Ki-67-reverse (1), Ki67-R (1), PCNA (1)","Ki67 (6), Ki-67 (2), qPCR (2), H-MKI67-F (1), Human (1), KI67 (1), Ki67-forward (1), MKI67 (1), MKi-67 (1), Sequence-based (1)",0.001,0.011,19,21,"PMC10843903, PMC10898300, PMC11533071, PMC11534074, PMC4676617, PMC4777600, PMC5920351, PMC6106894, PMC6163012, PMC6227976, PMC6280020, PMC7295620, PMC7322690, PMC7606795, PMC8241736, PMC8506560, PMC9245217, PMC9485709, PMC9855738","PMC11253693, PMC11335230, PMC11703735, PMC4207579, PMC4284642, PMC4848839, PMC5919708, PMC6028646, PMC6122525, PMC6388992, PMC6702356, PMC6888929, PMC7132901, PMC7170643, PMC7386908, PMC7560539, PMC7692053, PMC7908723, PMC8666367",60.59,61.71,47.6,63.2,227,295,19,19,1451.0,1521.0,1471.0,1539.0,forward,reverse_complement,4,4,5,,"PMC10843903,PMC10898300,PMC11533071,PMC11534074,PMC4676617,PMC4777600,PMC5920351,PMC6106894,PMC6163012,PMC6227976,PMC6280020,PMC7295620,PMC7322690,PMC7606795,PMC8241736,PMC8506560,PMC9245217,PMC9485709,PMC9855738",,"PMC11253693,PMC11335230,PMC11703735,PMC4207579,PMC4284642,PMC4848839,PMC5919708,PMC6028646,PMC6122525,PMC6388992,PMC6702356,PMC6888929,PMC7132901,PMC7170643,PMC7386908,PMC7560539,PMC7692053,PMC7908723,PMC8666367",0,0,0,19,19,0.24094596189962908,0.8661111111111109,0.6266666666666676,50.56396476164813,
TTAGTACAGGCCACGCAAACT,GCTTGTCAACTGCGGTTGC,MKI67,MKI67,"MKI67 (6), Ki-67 (3), Ki67 (2), Human (1), Ki-67-reverse (1), Ki67-R (1), PCNA (1)","Ki67-reverse (2), MKI67 (2), ACAG (1), C-3 (1), Gene (1), H-MKI67-R (1), Ki-67 (1), Sequence-based (1), The (1)",0.001,0.011,19,20,"PMC10843903, PMC10898300, PMC11533071, PMC11534074, PMC4676617, PMC4777600, PMC5920351, PMC6106894, PMC6163012, PMC6227976, PMC6280020, PMC7295620, PMC7322690, PMC7606795, PMC8241736, PMC8506560, PMC9245217, PMC9485709, PMC9855738","PMC11253693, PMC11335230, PMC11703735, PMC4207579, PMC4284642, PMC4848839, PMC5919708, PMC6028646, PMC6122525, PMC6388992, PMC6702356, PMC7132901, PMC7170643, PMC7386908, PMC7560539, PMC7692053, PMC8666367",60.59,61.29,47.6,57.9,227,280,19,17,1451.0,1629.0,1471.0,1647.0,forward,reverse_complement,4,4,4,,"PMC10843903,PMC10898300,PMC11533071,PMC11534074,PMC4676617,PMC4777600,PMC5920351,PMC6106894,PMC6163012,PMC6227976,PMC6280020,PMC7295620,PMC7322690,PMC7606795,PMC8241736,PMC8506560,PMC9245217,PMC9485709,PMC9855738","PMC11253693,PMC11335230,PMC11703735,PMC4207579,PMC4284642,PMC4848839,PMC5919708,PMC6028646,PMC6122525,PMC6388992,PMC6702356,PMC7132901,PMC7170643,PMC7386908,PMC7560539,PMC7692053,PMC8666367",,0,0,17,19,0,0.39327966530762326,0.9094444444444444,0.766666666666668,62.28064993204786,
CTTTGGGTGCGACTTGACG,ACAACTCTTCCACTGGGACG,MKI67,MKI67,"Ki67 (5), MKI67 (3), Ki-67 (2), ki67 (2), MMP-13 (1), Marker (1)","MKI67 (10), Ki67 (4), KI67 (3), Gene (1), Ki-67 (1), MKi67 (1)",0.011,0.004,15,22,"PMC11128869, PMC4522244, PMC5612947, PMC5636133, PMC6026870, PMC6316808, PMC6322712, PMC7902619, PMC8111319, PMC8436359, PMC8899169, PMC8973689, PMC9345474, PMC9378822","PMC10349503, PMC10828502, PMC11341274, PMC11469184, PMC11546251, PMC11754605, PMC11898281, PMC5146815, PMC5995046, PMC6943151, PMC7151042, PMC7344272, PMC8396041, PMC8857011, PMC9202519, PMC9231172, PMC9340868, PMC9515651, PMC9667649, PMC9898646",60.06,60.26,57.9,55.0,98,79,14,20,264.0,318.0,282.0,337.0,forward,reverse_complement,2,3,3,"PMC11128869,PMC4522244,PMC5612947,PMC5636133,PMC6026870,PMC6316808,PMC6322712,PMC7902619,PMC8111319,PMC8436359,PMC8899169,PMC8973689,PMC9345474,PMC9378822",,"PMC10349503,PMC10828502,PMC11754605,PMC11898281,PMC9898646","PMC11341274,PMC11469184,PMC11546251,PMC5146815,PMC5995046,PMC6943151,PMC7151042,PMC7344272,PMC8396041,PMC8857011,PMC9202519,PMC9231172,PMC9340868,PMC9515651,PMC9667649",0,14,5,0,15,0.4750925934908526,0.9205555555555556,0.9333333333333348,70.03796300787599,
CTTTGGGTGCGACTTGACG,CCTTTTGATAGTAACCAGGCGT,MKI67,MKI67,"Ki67 (5), MKI67 (3), Ki-67 (2), ki67 (2), MMP-13 (1), Marker (1)","Ki67 (12), Ki-67 (7), MKI67 (7), KI67 (3), KI-67 (2), Human-Ki67 (1), MKI67-F (1), RT-PCR (1), TTA (1), expression (1)",0.011,0.000345,15,43,"PMC11128869, PMC4522244, PMC5612947, PMC5636133, PMC6026870, PMC6316808, PMC6322712, PMC7902619, PMC8111319, PMC8436359, PMC8899169, PMC8973689, PMC9345474, PMC9378822","PMC10070612, PMC10093275, PMC10266052, PMC10377129, PMC10464143, PMC10496356, PMC10685490, PMC10687137, PMC10704951, PMC10798151, PMC10975051, PMC11040860, PMC11091054, PMC11310753, PMC11436658, PMC11531757, PMC11601877, PMC11923953, PMC11962575, PMC12003687, PMC5424114, PMC5777756, PMC5868599, PMC6063950, PMC6192997, PMC7202203, PMC7244040, PMC7533490, PMC7565743, PMC7593223, PMC7805020, PMC7826231, PMC7856785, PMC8314571, PMC8382950, PMC8662847, PMC9027050, PMC9052431, PMC9117423, PMC9346387, PMC9482502, PMC9747837, PMC9822924",60.06,59.05,57.9,45.5,98,320,14,43,264.0,429.0,282.0,450.0,forward,reverse_complement,2,3,3,"PMC11128869,PMC4522244,PMC5612947,PMC5636133,PMC6026870,PMC6316808,PMC6322712,PMC7902619,PMC8111319,PMC8436359,PMC8899169,PMC8973689,PMC9345474,PMC9378822",,,"PMC10070612,PMC10093275,PMC10266052,PMC10377129,PMC10464143,PMC10496356,PMC10685490,PMC10687137,PMC10704951,PMC10798151,PMC10975051,PMC11040860,PMC11091054,PMC11310753,PMC11436658,PMC11531757,PMC11601877,PMC11923953,PMC11962575,PMC12003687,PMC5424114,PMC5777756,PMC5868599,PMC6063950,PMC6192997,PMC7202203,PMC7244040,PMC7533490,PMC7565743,PMC7593223,PMC7805020,PMC7826231,PMC7856785,PMC8314571,PMC8382950,PMC8662847,PMC9027050,PMC9052431,PMC9117423,PMC9346387,PMC9482502,PMC9747837,PMC9822924",0,14,0,0,43,0.40777902111723147,0.8533333333333333,0.6633333333333316,59.25561772252821,
