f_sequence,r_sequence,f_gene,r_gene,f_author_gene_list,r_author_gene_list,f_evalue,r_evalue,f_Occurrence_Count,r_Occurrence_Count,f_pmcid_list,r_pmcid_list,f_Citation_Count,r_Citation_Count,f_Tm_C,r_Tm_C,f_GC_pct,r_GC_pct,f_pmcid_count,r_pmcid_count,f_match_start,r_match_start,f_match_end,r_match_end,f_orientation,r_orientation,f_self_comp,r_self_comp,pair_comp,f_cross_specificity_0,f_cross_specificity_0_seq,r_cross_specificity_0,r_cross_specificity_0_seq,f_cross_specificity_1,f_cross_specificity_1_seq,r_cross_specificity_1,r_cross_specificity_1_seq,f_cross_specificity_2,f_cross_specificity_2_seq,r_cross_specificity_2,r_cross_specificity_2_seq,f_cross_specificity_3,f_cross_specificity_3_seq,r_cross_specificity_3,r_cross_specificity_3_seq,f_cross_specificity_4,f_cross_specificity_4_seq,r_cross_specificity_4,r_cross_specificity_4_seq,f_reg_pmcid_list,f_inv_pmcid_list,r_reg_pmcid_list,r_inv_pmcid_list,f_reg_pmcid_count,f_inv_pmcid_count,r_reg_pmcid_count,r_inv_pmcid_count,pair_shared_pmcid_list,pair_shared_pmcid_count,evidence_score,biophysics_score,synergy_score,pickr_score,percentile
TCCTCTGTGGATCAGCAATAGG,TTAGGCTGGGTGTCAACCTTT,C1GALT1,C1GALT1,C1GALT1 (3) (1),C1GALT1 (4) (1),0.000345,0.001,5,5," PMC6964072, PMC8355358, PMC8842931,PMC6454061"," PMC6964072, PMC7521275, PMC8355358, PMC8842931,PMC6454061",0.0,0.0,59.97,60.18,50.0,47.6,4,5,329.0,393.0,350.0,413.0,forward,reverse_complement,4,3,4,,,,,,,,,,,,,,,,,,,,,"PMC6454061,PMC6964072,PMC8355358,PMC8842931",,"PMC6454061,PMC6964072,PMC7521275,PMC8355358,PMC8842931",,4,0,5,0,"PMC6454061,PMC6964072,PMC8355358,PMC8842931",4,0.5382823845441441,0.9883333333333333,0.9299999999999997,75.16411922720721,89.91073435966715
AAGCAGGGCTACATGAGTGG,GCATCTCCCCAGTGCTAAGT,C1GALT1,C1GALT1,"C1GALT1 (1) (1), C1GalT1 (3) (1)",C1GalT1 (3) (1),0.004,0.004,4,3," PMC10809981, PMC8539446, PMC9369150,PMC10487805"," PMC8539446, PMC9369150,PMC10487805",0.0,0.0,60.41,60.12,55.0,55.0,4,3,901.0,1013.0,920.0,1032.0,forward,reverse_complement,4,3,4,,,,,,,,,,,,,,,,,,,,,"PMC10487805,PMC10809981,PMC8539446,PMC9369150",,"PMC10487805,PMC8539446,PMC9369150",,4,0,3,0,"PMC10487805,PMC8539446,PMC9369150",3,0.4693122987551325,0.9705555555555558,0.9033333333333337,70.64894827108998,84.04260171445875
CATCCCTTTGTGCCAGAACACC,GCAAGATCAGAGCAGCAACCAG,C1GALT1,C1GALT1,"C1GALT1 (3) (1), C1galt1 (1) (1)","C1GALT1 (2) (1), St3gal1 (1) (1)",0.000345,0.000345,4,4," PMC7251111, PMC7280451, PMC8253099,PMC5103398"," PMC7251111, PMC7280451, PMC8253099,PMC5103398",0.0,0.0,62.64,62.73,54.5,54.5,4,4,1093.0,1187.0,1114.0,1208.0,forward,reverse_complement,3,4,3,,,,,,,,,,,,,,,,,,,,,"PMC5103398,PMC7251111,PMC7280451,PMC8253099",,"PMC5103398,PMC7251111,PMC7280451,PMC8253099",,4,0,4,0,"PMC5103398,PMC7251111,PMC7280451,PMC8253099",4,0.5226676523269451,0.7016666666666669,0.9700000000000012,66.58338261634728,77.1515618651662
TGGGAGAAAAGGTTGACACC,CTTTGACGTGTTTGGCCTTT,C1GALT1,C1GALT1,C1GALT1 (2) (1),C1GALT1 (2) (1),0.004,0.004,3,3," PMC6202324, PMC7098884,PMC11794964"," PMC7098884, PMC9266755,PMC11794964",0.0,0.0,58.3,58.07,50.0,45.0,3,3,386.0,600.0,405.0,619.0,forward,reverse_complement,3,4,5,,,,,,,,,,,,,,,,,,,,,"PMC11794964,PMC6202324,PMC7098884",,"PMC11794964,PMC7098884",PMC9266755,3,0,2,1,"PMC11794964,PMC7098884",2,0.39124812890582167,0.7983333333333332,0.9233333333333343,61.97907311195776,67.65392341865446
TCCTCTGTGGATCAGCAATAGG,CTTTGACGTGTTTGGCCTTT,C1GALT1,C1GALT1,C1GALT1 (3) (1),C1GALT1 (2) (1),0.000345,0.004,5,3," PMC6964072, PMC8355358, PMC8842931,PMC6454061"," PMC7098884, PMC9266755,PMC11794964",0.0,0.0,59.97,58.07,50.0,45.0,4,3,329.0,600.0,350.0,619.0,forward,reverse_complement,4,4,3,,,,,,,,,,,,,,,,,,,,,"PMC6454061,PMC6964072,PMC8355358,PMC8842931",,"PMC11794964,PMC7098884",PMC9266755,4,0,2,1,,0,0.24176175809076716,0.8911111111111112,0.36666666666666714,46.15475457120504,30.00614443170334
TCCTCTGTGGATCAGCAATAGG,GGTGTCAACCTTTTCTCCCA,C1GALT1,C1GALT1,C1GALT1 (3) (1),C1GALT1 (2) (1),0.000345,0.004,5,3," PMC6964072, PMC8355358, PMC8842931,PMC6454061"," PMC6202324, PMC7098884,PMC11794964",0.0,0.0,59.97,58.3,50.0,50.0,4,3,329.0,386.0,350.0,405.0,forward,reverse_complement,4,3,3,,,,,,,,,,,,,,,,,,,,,"PMC6454061,PMC6964072,PMC8355358,PMC8842931",,,"PMC11794964,PMC6202324,PMC7098884",4,0,0,3,,0,0.18522576567051752,0.9038888888888887,0.4433333333333328,45.24462161685919,28.07150255551707
CCCAGCCTAATGTTCTTCATA,CTTTGACGTGTTTGGCCTTT,C1GALT1,C1GALT1,"C1GAL (1) (1), The (1) (1)",C1GALT1 (2) (1),0.001,0.004,3,3," PMC11794964, PMC8847342,PMC10320474"," PMC7098884, PMC9266755,PMC11794964",0.0,0.0,55.73,58.07,42.9,45.0,3,3,404.0,600.0,424.0,619.0,forward,reverse_complement,3,4,3,,,,,,,,,,,,,,,,,,,,,"PMC10320474,PMC11794964,PMC8847342",,"PMC11794964,PMC7098884",PMC9266755,3,0,2,1,PMC11794964,1,0.32902389715325553,0.6844444444444445,0.21999999999999886,41.384528190996086,20.60147912875962
AAAGGTTGACACCCAGCCTAA,CTTTGACGTGTTTGGCCTTT,C1GALT1,C1GALT1,C1GALT1 (4) (1),C1GALT1 (2) (1),0.001,0.004,5,3," PMC6964072, PMC7521275, PMC8355358, PMC8842931,PMC6454061"," PMC7098884, PMC9266755,PMC11794964",0.0,0.0,60.18,58.07,47.6,45.0,5,3,393.0,600.0,413.0,619.0,forward,reverse_complement,3,4,5,,,,,,,,,,,,,,,,,,,,,,"PMC6454061,PMC6964072,PMC7521275,PMC8355358,PMC8842931","PMC11794964,PMC7098884",PMC9266755,0,5,2,1,,0,0.16517025812209055,0.8827777777777779,0.29666666666666686,40.6751795727712,19.369540640356277
AAGCAGGGCTACATGAGTGG,GGTGTTCTGGCACAAAGGGATG,C1GALT1,C1GALT1,"C1GALT1 (1) (1), C1GalT1 (3) (1)","C1GALT1 (3) (1), C1galt1 (1) (1)",0.004,0.000345,4,4," PMC10809981, PMC8539446, PMC9369150,PMC10487805"," PMC7251111, PMC7280451, PMC8253099,PMC5103398",0.0,0.0,60.41,62.64,55.0,54.5,4,4,901.0,1093.0,920.0,1114.0,forward,reverse_complement,4,3,3,,,,,,,,,,,,,,,,,,,,,"PMC10487805,PMC10809981,PMC8539446,PMC9369150",,,"PMC5103398,PMC7251111,PMC7280451,PMC8253099",4,0,0,4,,0,0.19285340105278737,0.8305555555555557,0.2566666666666654,39.69267005263934,17.73928840802842
ACTTAGCACTGGGGAGATGC,GCAAGATCAGAGCAGCAACCAG,C1GALT1,C1GALT1,C1GalT1 (3) (1),"C1GALT1 (2) (1), St3gal1 (1) (1)",0.004,0.000345,3,4," PMC8539446, PMC9369150,PMC10487805"," PMC7251111, PMC7280451, PMC8253099,PMC5103398",0.0,0.0,60.12,62.73,55.0,54.5,3,4,1013.0,1187.0,1032.0,1208.0,forward,reverse_complement,3,4,4,,,,,,,,,,,,,,,,,,,,,,"PMC10487805,PMC8539446,PMC9369150","PMC5103398,PMC7251111,PMC7280451,PMC8253099",,0,3,4,0,,0,0.18522576567051752,0.841666666666667,0.13000000000000023,37.11128828352589,13.883217996573771
ACTTAGCACTGGGGAGATGC,GGTGTTCTGGCACAAAGGGATG,C1GALT1,C1GALT1,C1GalT1 (3) (1),"C1GALT1 (3) (1), C1galt1 (1) (1)",0.004,0.000345,3,4," PMC8539446, PMC9369150,PMC10487805"," PMC7251111, PMC7280451, PMC8253099,PMC5103398",0.0,0.0,60.12,62.64,55.0,54.5,3,4,1013.0,1093.0,1032.0,1114.0,forward,reverse_complement,3,3,3,,,,,,,,,,,,,,,,,,,,,,"PMC10487805,PMC8539446,PMC9369150",,"PMC5103398,PMC7251111,PMC7280451,PMC8253099",0,3,0,4,,0,0.10240203380734236,0.8466666666666667,0.15999999999999892,33.7201016903671,9.747343296801054
TCCTCTGTGGATCAGCAATAGG,TATGAAGAACATTAGGCTGGG,C1GALT1,C1GALT1,C1GALT1 (3) (1),"C1GAL (1) (1), The (1) (1)",0.000345,0.001,5,3," PMC6964072, PMC8355358, PMC8842931,PMC6454061"," PMC11794964, PMC8847342,PMC10320474",0.0,0.0,59.97,55.73,50.0,42.9,4,3,329.0,404.0,350.0,424.0,forward,reverse_complement,4,3,4,,,,,,,,,,,,,,,,,,,,,"PMC6454061,PMC6964072,PMC8355358,PMC8842931",,,"PMC10320474,PMC11794964,PMC8847342",4,0,0,3,,0,0.18522576567051752,0.79,0.0,32.961288283525874,8.960602501333181
